campaign_id,campaign_name,creator_id,creator_name,creator_specialty,campaign_date,category,impressions,likes,comments,shares,total_engagements,referral_id,traffic_source,click_timestamp,referral_clicks,customer_id,transaction_id,purchase_timestamp,purchases,new_customers,repeat_purchases,order_value,product,product_category
CAM047,Product Launch,CR003,Rohan Kapoor,Tech,2026-01-22,Fashion,8794,246,38,16,300,REF00001,Instagram,2026-01-22 12:00:00,197,CUST7532,TXN00001,2026-01-29 00:00:00,10,6,4,26848.47,Gaming Headset,Gaming
CAM048,Festive Picks,CR004,Isha Verma,Beauty,2026-04-15,Fashion,5365,259,37,21,317,REF00002,Instagram,2026-04-15 17:00:00,154,CUST9998,TXN00002,2026-04-20 00:00:00,14,12,2,53879.66,Wireless Earbuds,Electronics
CAM057,Festive Picks,CR005,Vihaan Patel,Fitness,2026-03-06,Fitness,9703,395,52,46,493,REF00003,Email,2026-03-06 01:00:00,282,CUST9624,TXN00003,2026-03-14 00:00:00,15,8,7,29096.6,Protein Powder,Fitness
CAM035,Mega Savings,CR003,Rohan Kapoor,Tech,2026-02-14,Fitness,7836,314,40,34,388,REF00004,TikTok,2026-02-14 10:00:00,235,CUST7039,TXN00004,2026-02-18 00:00:00,6,5,1,30059.67,Gaming Headset,Gaming
CAM052,Product Launch,CR010,Diya Joshi,Lifestyle,2026-01-12,,12660,275,31,18,324,REF00005,YouTube,2026-01-12 06:00:00,258,CUST5730,TXN00005,2026-01-15 00:00:00,18,17,1,66077.19,Coffee Maker,Home
CAM048,Premium Picks,CR012,Kavya Iyer,Fashion,2026-06-30,Travel,5657,183,26,14,223,REF00006,Instagram,2026-06-30 19:00:00,103,CUST3682,TXN00006,2026-07-07 00:00:00,5,5,0,16273.03,Wireless Earbuds,Electronics
CAM039,Mega Savings,CR008,Sara Khan,Food,2026-04-27,Food,11146,523,76,40,639,REF00007,Facebook,2026-04-27 22:00:00,349,CUST8225,TXN00007,2026-04-28 00:00:00,15,13,2,63009.59,Sneakers,Fashion
CAM026,Festive Picks,CR012,Kavya Iyer,Fashion,2026-03-30,Fashion,7630,219,28,17,264,REF00008,Instagram,2026-03-30 21:00:00,232,CUST4552,TXN00008,2026-04-06 00:00:00,14,14,0,41621.83,Protein Powder,Fitness
CAM057,Premium Picks,CR006,Meera Nair,Travel,2026-02-09,Travel,5126,213,28,20,261,REF00009,Google,2026-02-09 03:00:00,87,CUST1626,TXN00009,2026-02-18 00:00:00,2,2,0,4000.08,Skincare Kit,Beauty
CAM024,Product Launch,CR005,Vihaan Patel,Fitness,2026-01-22,Travel,4767,115,7,9,131,REF00010,YouTube,2026-01-22 09:00:00,123,CUST1400,TXN00010,2026-01-28 00:00:00,6,5,1,20805.26,Wireless Earbuds,Electronics
CAM030,Summer Launch,CR007,Kabir Singh,Gaming,2026-03-06,Food,8684,502,63,26,591,REF00011,Instagram,2026-03-06 06:00:00,253,CUST2802,TXN00011,2026-03-09 00:00:00,6,5,1,26504.46,Sneakers,Fashion
CAM012,Monsoon Sale,CR008,Sara Khan,Food,2026-02-16,Beauty,5475,168,14,13,195,REF00012,Instagram,2026-02-16 05:00:00,150,CUST3339,TXN00012,2026-02-19 00:00:00,14,14,0,71534.1,Smartwatch,Electronics
CAM020,New Collection,CR007,Kabir Singh,Gaming,2026-06-05,Electronics,4608,196,19,12,227,REF00013,Email,2026-06-05 02:00:00,117,CUST4774,TXN00013,2026-06-09 00:00:00,9,8,1,23796.87,Protein Powder,Fitness
CAM041,Mega Savings,CR012,Kavya Iyer,Fashion,2026-06-17,Food,5695,247,23,13,283,REF00014,Direct,2026-06-17 20:00:00,170,CUST7729,TXN00014,2026-06-20 00:00:00,10,9,1,22120.24,Coffee Maker,Home
CAM034,Mega Savings,CR008,Sara Khan,Food,2026-02-01,Gaming,7959,389,33,35,457,REF00015,TikTok,2026-02-01 14:00:00,216,CUST7814,TXN00015,2026-02-09 00:00:00,8,4,4,15840.77,Skincare Kit,Beauty
CAM031,Product Launch,CR009,Arjun Rao,Finance,2026-01-26,Home,9206,297,42,21,360,REF00016,Instagram,2026-01-26 12:00:00,272,CUST4561,TXN00016,2026-02-02 00:00:00,4,4,0,17185.9,Wireless Earbuds,Electronics
CAM051,Monsoon Sale,CR010,Diya Joshi,Lifestyle,2026-04-05,Travel,7722,415,40,26,481,REF00017,Facebook,2026-04-05 22:00:00,266,CUST5780,TXN00017,2026-04-13 00:00:00,8,6,2,36747.97,Gaming Headset,Gaming
CAM002,Holiday Offers,CR012,Kavya Iyer,Fashion,2026-01-02,Home,22633,781,121,69,971,REF00018,TikTok,2026-01-02 19:00:00,438,CUST8640,TXN00018,2026-01-09 00:00:00,8,5,3,22490.14,Travel Backpack,Travel
CAM027,Premium Picks,CR001,Aarav Mehta,Lifestyle,2026-04-29,Home,3988,169,14,20,203,REF00019,YouTube,2026-04-29 16:00:00,91,CUST7931,TXN00019,2026-05-01 00:00:00,4,4,0,17575.2,Smartwatch,Electronics
CAM006,New Collection,CR012,Kavya Iyer,Fashion,2026-03-14,Gaming,5824,142,16,6,164,REF00020,Facebook,2026-03-14 20:00:00,121,CUST3711,TXN00020,2026-03-18 00:00:00,5,5,0,10191.02,Protein Powder,Fitness
CAM060,Product Launch,CR002,Ananya Sharma,Fashion,2026-03-31,Gaming,20381,1159,96,150,1405,REF00021,TikTok,2026-03-31 07:00:00,763,CUST2638,TXN00021,2026-04-04 00:00:00,26,22,4,57031.56,Protein Powder,Fitness
CAM042,New Collection,CR012,Kavya Iyer,Fashion,2026-05-19,Fashion,3086,135,12,11,158,REF00022,Instagram,2026-05-19 22:00:00,70,CUST1990,TXN00022,2026-05-28 00:00:00,3,3,0,15938.46,Gaming Headset,Gaming
CAM040,Summer Launch,CR012,Kavya Iyer,Fashion,2026-05-29,Beauty,9213,484,71,47,602,REF00023,Instagram,2026-05-29 04:00:00,240,CUST2799,TXN00023,2026-06-03 00:00:00,13,12,1,37256.35,Travel Backpack,Travel
CAM057,Weekend Flash,CR012,Kavya Iyer,Fashion,2026-03-09,Beauty,6232,251,17,12,280,REF00024,Instagram,2026-03-09 10:00:00,118,CUST1399,TXN00024,2026-03-13 00:00:00,9,7,2,26102.89,Smartwatch,Electronics
CAM017,Festive Picks,CR012,Kavya Iyer,Fashion,2026-01-02,Fashion,10735,526,59,30,615,REF00025,Facebook,2026-01-02 18:00:00,219,CUST2956,TXN00025,2026-01-11 00:00:00,8,8,0,19916.34,Coffee Maker,Home
CAM007,Monsoon Sale,CR008,Sara Khan,Food,2026-02-15,Travel,9990,455,38,35,528,REF00026,YouTube,2026-02-15 19:00:00,194,CUST5978,TXN00026,2026-02-21 00:00:00,11,10,1,48164.14,Gaming Headset,Gaming
CAM022,New Collection,CR001,Aarav Mehta,Lifestyle,2026-03-17,Fitness,4143,226,29,26,281,REF00027,Instagram,2026-03-17 15:00:00,147,CUST9211,TXN00027,2026-03-19 00:00:00,10,8,2,40751.54,Smartwatch,Electronics
CAM025,Weekend Flash,CR006,Meera Nair,Travel,2026-01-07,Electronics,5949,218,18,17,253,REF00028,Instagram,2026-01-07 19:00:00,144,CUST6695,TXN00028,2026-01-08 00:00:00,6,5,1,29834.24,Gaming Headset,Gaming
CAM018,Festive Picks,CR005,Vihaan Patel,Fitness,2026-06-01,Fashion,7011,170,26,16,212,REF00029,Instagram,2026-06-01 21:00:00,165,CUST8203,TXN00029,2026-06-04 00:00:00,8,8,0,25486.88,Protein Powder,Fitness
CAM015,Holiday Offers,CR008,Sara Khan,Food,2026-06-12,Travel,6627,176,20,15,211,REF00030,TikTok,2026-06-12 21:00:00,121,CUST8045,TXN00030,2026-06-19 00:00:00,2,2,0,2564.52,Travel Backpack,Travel
CAM030,Premium Picks,CR003,Rohan Kapoor,Tech,2026-01-29,Travel,6477,338,39,21,398,REF00031,TikTok,2026-01-29 22:00:00,231,CUST2397,TXN00031,2026-02-02 00:00:00,12,11,1,73848.89,Smartwatch,Electronics
CAM042,Premium Picks,CR007,Kabir Singh,Gaming,2026-01-29,Gaming,6447,225,32,24,281,REF00032,YouTube,2026-01-29 17:00:00,187,CUST8192,TXN00032,2026-02-01 00:00:00,16,16,0,73225.71,Sneakers,Fashion
CAM058,Weekend Flash,CR007,Kabir Singh,Gaming,2026-05-31,Travel,7589,381,43,38,462,REF00033,Facebook,2026-05-31 18:00:00,230,CUST1906,TXN00033,2026-06-07 00:00:00,14,11,3,60370.31,Coffee Maker,Home
CAM029,Creator Spotlight,CR003,Rohan Kapoor,Tech,2026-02-01,Electronics,11670,562,64,51,677,REF00034,Facebook,2026-02-01 17:00:00,336,CUST3291,TXN00034,2026-02-06 00:00:00,12,8,4,55203.57,Smartwatch,Electronics
CAM059,Summer Launch,CR005,Vihaan Patel,Fitness,2026-01-31,Electronics,9247,385,56,46,487,REF00035,Facebook,2026-01-31 17:00:00,247,CUST5371,TXN00035,2026-02-08 00:00:00,4,4,0,7973.13,Wireless Earbuds,Electronics
CAM020,Spring Refresh,CR009,Arjun Rao,Finance,2026-06-19,Beauty,6885,308,37,30,375,REF00036,Instagram,2026-06-19 20:00:00,145,CUST3336,TXN00036,2026-06-27 00:00:00,4,4,0,10621.11,Protein Powder,Fitness
CAM040,Monsoon Sale,CR005,Vihaan Patel,Fitness,2026-03-01,Electronics,5351,288,27,30,345,REF00037,YouTube,2026-03-01 07:00:00,114,CUST1004,TXN00037,2026-03-06 00:00:00,3,2,1,7753.33,Smartwatch,Electronics
CAM001,Weekend Flash,CR010,Diya Joshi,Lifestyle,2026-06-01,Gaming,5268,274,21,26,321,REF00038,Instagram,2026-06-01 02:00:00,175,CUST3333,TXN00038,2026-06-04 00:00:00,12,11,1,32523.47,Travel Backpack,Travel
CAM040,Holiday Offers,CR004,Isha Verma,Beauty,2026-06-09,Home,15608,381,53,50,484,REF00039,Facebook,2026-06-09 15:00:00,366,CUST1225,TXN00039,2026-06-11 00:00:00,23,22,1,113528.07,Smartwatch,Electronics
CAM047,New Collection,CR009,Arjun Rao,Finance,2026-04-28,Beauty,6742,354,29,33,416,REF00040,Google,2026-04-28 19:00:00,242,CUST8452,TXN00040,2026-04-29 00:00:00,20,19,1,72246.63,Wireless Earbuds,Electronics
CAM059,Spring Refresh,CR008,Sara Khan,Food,2026-03-13,Fitness,11526,412,46,32,490,REF00041,Email,2026-03-13 18:00:00,313,CUST3843,TXN00041,2026-03-19 00:00:00,10,9,1,29077.96,Travel Backpack,Travel
CAM048,Mega Savings,CR006,Meera Nair,Travel,2026-01-30,Home,12046,568,44,63,675,REF00042,Facebook,2026-01-30 05:00:00,292,CUST2327,TXN00042,2026-02-05 00:00:00,7,6,1,21902.49,Coffee Maker,Home
CAM057,Monsoon Sale,CR010,Diya Joshi,Lifestyle,2026-02-15,Food,9067,363,38,49,450,REF00043,Facebook,2026-02-15 20:00:00,146,CUST7277,TXN00043,2026-02-22 00:00:00,5,4,1,10205.23,Protein Powder,Fitness
CAM037,Festive Picks,CR009,Arjun Rao,Finance,2026-06-27,Home,11675,685,46,80,811,REF00044,TikTok,2026-06-27 18:00:00,464,CUST3291,TXN00044,2026-07-02 00:00:00,17,13,4,72924.25,Wireless Earbuds,Electronics
CAM043,Premium Picks,CR003,Rohan Kapoor,Tech,2026-06-29,Electronics,4960,230,33,16,279,REF00045,Instagram,2026-06-29 03:00:00,128,CUST8377,TXN00045,2026-07-02 00:00:00,6,6,0,8745.36,Travel Backpack,Travel
CAM052,Premium Picks,CR009,Arjun Rao,Finance,2026-02-21,Fashion,2970,166,21,12,199,REF00046,TikTok,2026-02-21 16:00:00,86,CUST2556,TXN00046,2026-03-02 00:00:00,4,4,0,10908.73,Wireless Earbuds,Electronics
CAM050,Summer Launch,CR003,Rohan Kapoor,Tech,2026-04-08,Electronics,4385,171,24,18,213,REF00047,Email,2026-04-08 18:00:00,111,CUST7226,TXN00047,2026-04-09 00:00:00,8,8,0,39165.15,Smartwatch,Electronics
CAM011,Premium Picks,CR008,Sara Khan,Food,2026-05-29,Electronics,6460,291,38,34,363,REF00048,Facebook,2026-05-29 19:00:00,151,CUST5172,TXN00048,2026-06-02 00:00:00,11,10,1,28823.28,Smartwatch,Electronics
CAM031,Premium Picks,CR007,Kabir Singh,Gaming,2026-01-13,Fashion,4214,231,20,23,274,REF00049,Instagram,2026-01-13 20:00:00,142,CUST3976,TXN00049,2026-01-21 00:00:00,7,5,2,29254.49,,Electronics
CAM058,Premium Picks,CR005,Vihaan Patel,Fitness,2026-04-24,Fitness,4978,223,25,24,272,REF00050,Instagram,2026-04-24 23:00:00,147,CUST7389,TXN00050,2026-05-02 00:00:00,5,5,0,21174.27,Coffee Maker,Home
CAM057,Festive Picks,CR002,Ananya Sharma,Fashion,2026-04-05,Fitness,7225,322,32,29,383,REF00051,TikTok,2026-04-05 17:00:00,254,CUST1097,TXN00051,2026-04-10 00:00:00,19,17,2,77873.32,Sneakers,Fashion
CAM055,New Collection,CR012,Kavya Iyer,Fashion,2026-05-22,Home,5955,315,43,41,399,REF00052,YouTube,2026-05-22 07:00:00,185,CUST6425,TXN00052,2026-05-25 00:00:00,10,9,1,24811.36,Coffee Maker,Home
CAM053,Creator Spotlight,CR004,Isha Verma,Beauty,2026-04-01,Home,3162,100,15,8,123,REF00053,Email,2026-04-01 10:00:00,83,CUST1364,TXN00053,2026-04-06 00:00:00,2,2,0,1553.22,Skincare Kit,Beauty
CAM053,Weekend Flash,CR003,Rohan Kapoor,Tech,2026-04-11,Fashion,5373,201,31,20,252,REF00054,Instagram,2026-04-11 23:00:00,163,CUST8162,TXN00054,2026-04-17 00:00:00,14,12,2,53447.57,Smartwatch,Electronics
CAM029,Creator Spotlight,CR010,Diya Joshi,Lifestyle,2026-06-17,Food,9889,355,35,40,430,REF00055,Google,2026-06-17 01:00:00,327,CUST5778,TXN00055,2026-06-21 00:00:00,17,14,3,42821.34,Travel Backpack,Travel
CAM055,Festive Picks,CR009,Arjun Rao,Finance,2026-01-02,Gaming,4817,209,26,14,249,REF00056,Direct,2026-01-02 02:00:00,131,CUST9497,TXN00056,2026-01-04 00:00:00,6,5,1,15343.0,Sneakers,Fashion
CAM033,Creator Spotlight,CR011,Aditya Deshmukh,Tech,2026-05-28,Electronics,5859,323,37,22,382,REF00057,Email,2026-05-28 19:00:00,218,CUST3483,TXN00057,2026-06-02 00:00:00,17,13,4,45306.62,Smartwatch,Electronics
CAM037,Monsoon Sale,CR005,Vihaan Patel,Fitness,2026-06-16,Gaming,6713,253,32,13,298,REF00058,Instagram,2026-06-16 21:00:00,53,CUST7921,TXN00058,2026-06-22 00:00:00,2,2,0,5478.01,Travel Backpack,Travel
CAM016,Monsoon Sale,CR012,Kavya Iyer,Fashion,2026-01-21,Gaming,8191,245,28,28,301,REF00059,Facebook,2026-01-21 21:00:00,167,CUST3878,TXN00059,2026-01-25 00:00:00,12,11,1,54546.88,Gaming Headset,Gaming
CAM015,Festive Picks,CR004,Isha Verma,Beauty,2026-06-03,Travel,6936,220,18,19,257,REF00060,Instagram,2026-06-03 14:00:00,219,CUST6232,TXN00060,2026-06-09 00:00:00,11,10,1,19188.32,Protein Powder,Fitness
CAM010,Back to College,CR001,Aarav Mehta,Lifestyle,2026-02-16,Gaming,11267,422,61,42,525,REF00061,YouTube,2026-02-16 14:00:00,409,CUST8482,TXN00061,2026-02-19 00:00:00,22,19,3,42531.81,Protein Powder,Fitness
CAM028,Creator Spotlight,CR004,Isha Verma,Beauty,2026-05-05,Home,6507,265,28,25,318,REF00062,Instagram,2026-05-05 12:00:00,131,CUST7994,TXN00062,2026-05-10 00:00:00,7,5,2,29932.65,Gaming Headset,Gaming
CAM018,Product Launch,CR006,Meera Nair,Travel,2026-02-10,Beauty,6854,257,23,26,306,REF00063,Instagram,2026-02-10 17:00:00,187,CUST6315,TXN00063,2026-02-19 00:00:00,12,11,1,37121.36,Coffee Maker,Home
CAM031,Creator Spotlight,CR002,Ananya Sharma,Fashion,2026-03-15,Fitness,6220,333,47,42,422,REF00064,TikTok,2026-03-15 21:00:00,174,CUST9269,TXN00064,2026-03-19 00:00:00,9,5,4,46159.89,Smartwatch,Electronics
CAM037,Creator Spotlight,CR004,Isha Verma,Beauty,2026-01-05,Travel,5578,153,14,13,180,REF00065,YouTube,2026-01-05 10:00:00,133,CUST4980,TXN00065,2026-01-12 00:00:00,7,7,0,12309.45,Protein Powder,Fitness
CAM004,Festive Picks,CR012,Kavya Iyer,Fashion,2026-05-03,Food,5365,240,29,18,287,REF00066,Google,2026-05-03 16:00:00,168,CUST5193,TXN00066,2026-05-06 00:00:00,5,4,1,18713.93,Gaming Headset,Gaming
CAM055,Mega Savings,CR010,Diya Joshi,Lifestyle,2026-02-22,Beauty,8622,502,43,59,604,REF00067,Instagram,2026-02-22 01:00:00,240,CUST7316,TXN00067,2026-02-28 00:00:00,17,15,2,36854.82,Wireless Earbuds,Electronics
CAM050,Creator Spotlight,CR010,Diya Joshi,Lifestyle,2026-03-22,Fitness,9793,322,30,18,370,REF00068,Direct,2026-03-22 12:00:00,251,CUST2218,TXN00068,2026-03-31 00:00:00,13,9,4,52164.86,Sneakers,Fashion
CAM021,Weekend Flash,CR003,Rohan Kapoor,Tech,2026-06-28,Home,5780,163,19,12,194,REF00069,Email,2026-06-28 16:00:00,164,CUST6097,TXN00069,2026-07-04 00:00:00,17,14,3,47364.03,Travel Backpack,Travel
CAM003,Monsoon Sale,CR012,Kavya Iyer,Fashion,2026-04-09,Travel,4578,222,20,21,263,REF00070,TikTok,2026-04-09 07:00:00,161,CUST7961,TXN00070,2026-04-14 00:00:00,10,9,1,29818.8,Travel Backpack,Travel
CAM041,Product Launch,CR009,Arjun Rao,Finance,2026-06-02,Gaming,9294,471,40,26,537,REF00071,TikTok,2026-06-02 09:00:00,263,CUST4112,TXN00071,2026-06-06 00:00:00,7,6,1,41061.84,Smartwatch,Electronics
CAM022,Festive Picks,CR005,Vihaan Patel,Fitness,2026-01-19,Fitness,7956,472,59,22,553,REF00072,YouTube,2026-01-19 06:00:00,245,CUST2114,TXN00072,2026-01-20 00:00:00,10,9,1,18073.29,Protein Powder,Fitness
CAM010,Back to College,CR004,Isha Verma,Beauty,2026-04-07,Gaming,10845,433,43,49,525,REF00073,Email,2026-04-07 06:00:00,267,CUST4574,TXN00073,2026-04-12 00:00:00,26,24,2,28942.23,Travel Backpack,Travel
CAM051,Mega Savings,CR008,Sara Khan,Food,2026-01-31,Fitness,11301,398,41,29,468,REF00074,Google,2026-01-31 21:00:00,244,CUST3012,TXN00074,2026-02-07 00:00:00,20,19,1,24726.34,Skincare Kit,Beauty
CAM008,Back to College,CR012,Kavya Iyer,Fashion,2026-03-19,Electronics,8638,309,25,31,365,REF00075,Direct,2026-03-19 10:00:00,136,CUST2318,TXN00075,2026-03-28 00:00:00,2,2,0,6679.95,Smartwatch,Electronics
CAM057,Holiday Offers,CR004,Isha Verma,Beauty,2026-04-29,Home,14195,565,73,36,674,REF00076,Instagram,2026-04-29 03:00:00,292,CUST3144,TXN00076,2026-05-08 00:00:00,11,9,2,18580.51,Skincare Kit,Beauty
CAM050,Premium Picks,CR008,Sara Khan,Food,2026-02-15,Fitness,2525,68,8,8,84,REF00077,YouTube,2026-02-15 04:00:00,35,CUST1685,TXN00077,2026-02-18 00:00:00,1,1,0,2860.01,Coffee Maker,Home
CAM006,Mega Savings,CR011,Aditya Deshmukh,Tech,2026-04-21,Travel,5832,266,35,15,316,REF00078,Instagram,2026-04-21 17:00:00,136,CUST8240,TXN00078,2026-04-23 00:00:00,11,9,2,20285.95,Travel Backpack,Travel
CAM028,Product Launch,CR007,Kabir Singh,Gaming,2026-06-19,Electronics,7563,231,21,18,270,REF00079,Instagram,2026-06-19 15:00:00,193,CUST8448,TXN00079,2026-06-25 00:00:00,19,15,4,37642.97,Protein Powder,Fitness
CAM032,New Collection,CR003,Rohan Kapoor,Tech,2026-04-21,Travel,10666,596,72,71,739,REF00080,Google,2026-04-21 17:00:00,388,CUST8551,TXN00080,2026-04-23 00:00:00,29,26,3,71967.29,Protein Powder,Fitness
CAM028,Spring Refresh,CR003,Rohan Kapoor,Tech,2026-04-08,Travel,7791,426,61,34,521,REF00081,YouTube,2026-04-08 08:00:00,289,CUST2503,TXN00081,2026-04-16 00:00:00,5,5,0,10370.87,Travel Backpack,Travel
CAM053,Festive Picks,CR007,Kabir Singh,Gaming,2026-05-05,Fitness,4989,188,26,10,224,REF00082,TikTok,2026-05-05 04:00:00,162,CUST1121,TXN00082,2026-05-14 00:00:00,7,6,1,36217.64,Gaming Headset,Gaming
CAM058,Product Launch,CR001,Aarav Mehta,Lifestyle,2026-06-12,Fashion,3233,120,7,6,133,REF00083,Facebook,2026-06-12 07:00:00,88,CUST9589,TXN00083,2026-06-13 00:00:00,5,4,1,12361.43,Coffee Maker,Home
CAM036,Holiday Offers,CR004,Isha Verma,Beauty,2026-03-18,Fitness,6156,168,12,16,196,REF00084,YouTube,2026-03-18 10:00:00,141,CUST2934,TXN00084,2026-03-27 00:00:00,8,8,0,14650.23,Skincare Kit,Beauty
CAM055,Summer Launch,CR003,Rohan Kapoor,Tech,2026-03-15,Electronics,9684,537,83,30,650,REF00085,Instagram,2026-03-15 08:00:00,308,CUST4014,TXN00085,2026-03-19 00:00:00,20,18,2,111028.35,Smartwatch,Electronics
CAM039,Product Launch,CR009,Arjun Rao,Finance,2026-04-11,Electronics,5458,259,30,19,308,REF00086,TikTok,2026-04-11 16:00:00,184,CUST1154,TXN00086,2026-04-14 00:00:00,11,9,2,25976.31,Coffee Maker,Home
CAM006,New Collection,CR003,Rohan Kapoor,Tech,2026-02-11,Home,9403,614,46,40,700,REF00087,Google,2026-02-11 18:00:00,288,CUST8821,TXN00087,2026-02-20 00:00:00,16,15,1,57361.0,Gaming Headset,Gaming
CAM005,Weekend Flash,CR012,Kavya Iyer,Fashion,2026-01-06,Home,6148,209,32,17,258,REF00088,YouTube,2026-01-06 07:00:00,160,CUST4998,TXN00088,2026-01-09 00:00:00,4,4,0,17111.95,Wireless Earbuds,Electronics
CAM016,Mega Savings,CR001,Aarav Mehta,Lifestyle,2026-05-19,Gaming,6296,225,33,17,275,REF00089,Instagram,2026-05-19 11:00:00,112,CUST7254,TXN00089,2026-05-24 00:00:00,6,4,2,22501.31,Coffee Maker,Home
CAM017,New Collection,CR008,Sara Khan,Food,2026-04-08,Fitness,15211,627,55,34,716,REF00090,Instagram,2026-04-08 21:00:00,398,CUST4710,TXN00090,2026-04-14 00:00:00,13,11,2,24222.82,Wireless Earbuds,Electronics
CAM059,Festive Picks,CR002,Ananya Sharma,Fashion,2026-03-28,Gaming,4340,221,22,19,262,REF00091,Google,2026-03-28 05:00:00,124,CUST9684,TXN00091,2026-04-01 00:00:00,5,5,0,25761.53,Smartwatch,Electronics
CAM011,Premium Picks,CR012,Kavya Iyer,Fashion,2026-01-19,Electronics,17199,506,66,46,618,REF00092,YouTube,2026-01-19 15:00:00,290,CUST3203,TXN00092,2026-01-22 00:00:00,11,9,2,32115.38,Wireless Earbuds,Electronics
CAM047,Weekend Flash,CR005,Vihaan Patel,Fitness,2026-06-05,Travel,7312,284,34,38,356,REF00093,TikTok,2026-06-05 06:00:00,262,CUST1585,TXN00093,2026-06-07 00:00:00,7,5,2,22105.02,Protein Powder,Fitness
CAM042,Monsoon Sale,CR005,Vihaan Patel,Fitness,2026-03-20,Food,8261,413,47,46,506,REF00094,Email,2026-03-20 16:00:00,200,CUST1745,TXN00094,2026-03-24 00:00:00,8,6,2,18426.86,Travel Backpack,Travel
CAM034,Creator Spotlight,CR010,Diya Joshi,Lifestyle,2026-05-16,Electronics,13420,633,55,66,754,REF00095,Google,2026-05-16 10:00:00,470,CUST1620,TXN00095,2026-05-17 00:00:00,27,25,2,69068.95,Travel Backpack,Travel
CAM006,Summer Launch,CR004,Isha Verma,Beauty,2026-04-09,Beauty,5148,296,28,14,338,REF00096,Google,2026-04-09 10:00:00,141,CUST1310,TXN00096,2026-04-10 00:00:00,4,3,1,7611.85,Protein Powder,Fitness
CAM011,Back to College,CR006,Meera Nair,Travel,2026-05-04,Food,6574,252,28,21,301,REF00097,Direct,2026-05-04 05:00:00,177,CUST5880,TXN00097,2026-05-06 00:00:00,6,5,1,31332.48,Smartwatch,Electronics
CAM014,Mega Savings,CR008,Sara Khan,Food,2026-04-11,Beauty,6183,260,32,29,321,REF00098,Email,2026-04-11 23:00:00,165,CUST7419,TXN00098,2026-04-17 00:00:00,3,3,0,4068.67,Skincare Kit,Beauty
CAM010,Premium Picks,CR002,Ananya Sharma,Fashion,2026-04-03,Food,5631,261,37,20,318,REF00099,Email,2026-04-03 02:00:00,114,CUST1794,TXN00099,2026-04-07 00:00:00,8,7,1,37098.69,Gaming Headset,Gaming
CAM014,Back to College,CR012,Kavya Iyer,Fashion,2026-01-24,Fitness,5453,188,16,9,213,REF00100,Instagram,2026-01-24 22:00:00,114,CUST6393,TXN00100,2026-01-30 00:00:00,5,4,1,12324.45,Travel Backpack,Travel
CAM039,Spring Refresh,CR006,Meera Nair,Travel,2026-06-30,Beauty,6633,259,23,19,301,REF00101,Instagram,2026-06-30 11:00:00,190,CUST7923,TXN00101,2026-07-02 00:00:00,16,14,2,18356.14,Skincare Kit,Beauty
CAM037,Weekend Flash,CR001,Aarav Mehta,Lifestyle,2026-03-23,Gaming,6012,285,24,37,346,REF00102,TikTok,2026-03-23 17:00:00,170,CUST9301,TXN00102,2026-03-26 00:00:00,8,8,0,12212.74,Skincare Kit,Beauty
CAM060,Creator Spotlight,CR002,Ananya Sharma,Fashion,2026-01-12,Gaming,14376,660,52,78,790,REF00103,Facebook,2026-01-12 13:00:00,370,CUST5083,TXN00103,2026-01-14 00:00:00,19,17,2,88956.01,Gaming Headset,Gaming
CAM001,Festive Picks,CR002,Ananya Sharma,Fashion,2026-04-14,Electronics,18675,579,66,67,712,REF00104,Direct,2026-04-14 20:00:00,461,CUST4577,TXN00104,2026-04-23 00:00:00,16,15,1,68102.23,Smartwatch,Electronics
CAM058,Summer Launch,CR010,Diya Joshi,Lifestyle,2026-05-21,Gaming,8841,470,44,30,544,REF00105,YouTube,2026-05-21 15:00:00,304,CUST2484,TXN00105,2026-05-28 00:00:00,12,9,3,15887.15,Travel Backpack,Travel
CAM022,Holiday Offers,CR004,Isha Verma,Beauty,2026-02-23,Fitness,9982,323,26,27,376,REF00106,Email,2026-02-23 13:00:00,170,CUST9506,TXN00106,2026-02-26 00:00:00,13,10,3,9728.94,Skincare Kit,Beauty
CAM028,Back to College,CR006,Meera Nair,Travel,2026-01-01,Fashion,6151,184,18,20,222,REF00107,YouTube,2026-01-01 22:00:00,138,CUST4108,TXN00107,2026-01-10 00:00:00,6,6,0,23056.0,Coffee Maker,Home
CAM001,Premium Picks,CR003,Rohan Kapoor,Tech,2026-03-30,Home,7971,448,53,49,550,REF00108,YouTube,2026-03-30 13:00:00,287,CUST1182,TXN00108,2026-04-04 00:00:00,19,17,2,45686.48,Wireless Earbuds,Electronics
CAM023,Creator Spotlight,CR011,Aditya Deshmukh,Tech,2026-05-30,Food,7012,385,32,38,455,REF00109,Direct,2026-05-30 19:00:00,214,CUST4797,TXN00109,2026-06-04 00:00:00,2,2,0,4641.3,Protein Powder,Fitness
CAM039,Weekend Flash,CR006,Meera Nair,Travel,2026-04-16,Gaming,6802,190,25,19,234,REF00110,YouTube,2026-04-16 17:00:00,148,CUST8417,TXN00110,2026-04-21 00:00:00,5,4,1,31986.95,Smartwatch,Electronics
CAM040,Weekend Flash,CR007,Kabir Singh,Gaming,2026-02-12,Travel,7949,306,32,31,369,REF00111,TikTok,2026-02-12 19:00:00,111,CUST1303,TXN00111,2026-02-17 00:00:00,2,2,0,4429.6,Travel Backpack,Travel
CAM024,Festive Picks,CR002,Ananya Sharma,Fashion,2026-03-26,Fashion,9329,290,37,29,356,REF00112,Instagram,2026-03-26 19:00:00,289,CUST2486,TXN00112,2026-04-01 00:00:00,19,17,2,63828.6,Wireless Earbuds,Electronics
CAM043,Spring Refresh,CR011,Aditya Deshmukh,Tech,2026-06-21,Beauty,6654,304,24,38,366,REF00113,Facebook,2026-06-21 03:00:00,124,CUST6414,TXN00113,2026-06-30 00:00:00,7,7,0,15163.21,Sneakers,Fashion
CAM049,Spring Refresh,CR003,Rohan Kapoor,Tech,2026-03-14,Beauty,5269,235,28,25,288,REF00114,Instagram,2026-03-14 16:00:00,189,CUST4889,TXN00114,2026-03-23 00:00:00,14,13,1,16580.77,Travel Backpack,Travel
CAM020,Monsoon Sale,CR008,Sara Khan,Food,2026-06-18,Fitness,6347,373,53,33,459,REF00115,YouTube,2026-06-18 10:00:00,143,CUST9251,TXN00115,2026-06-27 00:00:00,8,6,2,31431.98,Coffee Maker,Home
CAM033,Creator Spotlight,CR004,Isha Verma,Beauty,2026-01-23,Beauty,7828,350,41,38,429,REF00116,Google,2026-01-23 14:00:00,160,CUST4791,TXN00116,2026-01-31 00:00:00,5,5,0,10441.17,Coffee Maker,Home
CAM010,Mega Savings,CR006,Meera Nair,Travel,2026-06-16,Gaming,3851,171,25,13,209,REF00117,Direct,2026-06-16 14:00:00,117,CUST8454,TXN00117,2026-06-24 00:00:00,6,6,0,23877.44,Coffee Maker,Home
CAM058,New Collection,CR005,Vihaan Patel,Fitness,2026-03-19,Fitness,8096,337,46,20,403,REF00118,Instagram,2026-03-19 06:00:00,219,CUST5403,TXN00118,2026-03-26 00:00:00,12,8,4,35826.73,Travel Backpack,Travel
CAM060,Mega Savings,CR002,Ananya Sharma,Fashion,2026-05-02,Gaming,4775,320,23,25,368,REF00119,YouTube,2026-05-02 04:00:00,155,CUST9376,TXN00119,2026-05-04 00:00:00,17,15,2,63256.9,Coffee Maker,Home
CAM041,Festive Picks,CR001,Aarav Mehta,Lifestyle,2026-01-01,Beauty,18748,922,142,85,1149,REF00120,YouTube,2026-01-01 11:00:00,664,CUST2376,TXN00120,2026-01-04 00:00:00,26,21,5,40475.79,Travel Backpack,Travel
CAM027,Monsoon Sale,CR004,Isha Verma,Beauty,2026-05-06,Gaming,7897,272,22,16,310,REF00121,Google,2026-05-06 10:00:00,285,CUST2668,TXN00121,2026-05-10 00:00:00,18,16,2,67041.04,Gaming Headset,Gaming
CAM035,Spring Refresh,CR011,Aditya Deshmukh,Tech,2026-06-20,Food,3106,148,12,10,170,REF00122,YouTube,2026-06-20 18:00:00,120,CUST2107,TXN00122,2026-06-21 00:00:00,3,3,0,4500.21,Travel Backpack,Travel
CAM021,Creator Spotlight,CR008,Sara Khan,Food,2026-01-28,Fashion,7518,202,25,21,248,REF00123,YouTube,2026-01-28 22:00:00,170,CUST9736,TXN00123,2026-02-02 00:00:00,7,6,1,32157.16,Gaming Headset,Gaming
CAM032,Monsoon Sale,CR009,Arjun Rao,Finance,2026-04-18,Fashion,3013,144,16,17,177,REF00124,Instagram,2026-04-18 06:00:00,104,CUST6518,TXN00124,2026-04-21 00:00:00,4,4,0,12983.31,Coffee Maker,Home
CAM029,Summer Launch,CR012,Kavya Iyer,Fashion,2026-03-23,Electronics,3662,117,17,6,140,REF00125,Instagram,2026-03-23 08:00:00,91,CUST4415,TXN00125,2026-03-27 00:00:00,2,2,0,8406.32,Coffee Maker,Home
CAM036,Creator Spotlight,CR009,Arjun Rao,Finance,2026-06-27,Electronics,16299,489,69,59,617,REF00126,YouTube,2026-06-27 13:00:00,506,CUST3558,TXN00126,2026-06-28 00:00:00,22,19,3,55224.41,Protein Powder,Fitness
CAM009,Summer Launch,CR003,Rohan Kapoor,Tech,2026-03-30,,4091,230,22,15,267,REF00127,Instagram,2026-03-30 22:00:00,138,CUST3728,TXN00127,2026-03-31 00:00:00,5,4,1,13678.72,Coffee Maker,Home
CAM023,Premium Picks,CR003,Rohan Kapoor,Tech,2026-03-04,Gaming,3229,191,23,15,229,REF00128,Google,2026-03-04 21:00:00,112,CUST6576,TXN00128,2026-03-13 00:00:00,13,11,2,40887.13,Coffee Maker,Home
CAM017,Premium Picks,CR007,Kabir Singh,Gaming,2026-02-08,Home,2862,136,19,10,165,REF00129,Email,2026-02-08 22:00:00,59,CUST1595,TXN00129,2026-02-16 00:00:00,4,4,0,11915.48,Gaming Headset,Gaming
CAM051,Product Launch,CR009,Arjun Rao,Finance,2026-01-03,Fashion,7464,287,34,33,354,REF00130,Instagram,2026-01-03 08:00:00,141,CUST4122,TXN00130,2026-01-08 00:00:00,8,7,1,28181.48,Coffee Maker,Home
CAM035,Holiday Offers,CR007,Kabir Singh,Gaming,2026-03-14,Beauty,13410,731,101,38,870,REF00131,Instagram,2026-03-14 08:00:00,371,CUST9267,TXN00131,2026-03-19 00:00:00,24,23,1,54350.8,Travel Backpack,Travel
CAM024,Festive Picks,CR011,Aditya Deshmukh,Tech,2026-02-17,Beauty,11455,491,33,32,556,REF00132,YouTube,2026-02-17 11:00:00,317,CUST8169,TXN00132,2026-02-19 00:00:00,16,14,2,52712.47,Wireless Earbuds,Electronics
CAM001,Weekend Flash,CR007,Kabir Singh,Gaming,2026-01-07,Beauty,5959,270,33,29,332,REF00133,Google,2026-01-07 15:00:00,160,CUST3621,TXN00133,2026-01-12 00:00:00,8,8,0,19051.77,Wireless Earbuds,Electronics
CAM052,Back to College,CR009,Arjun Rao,Finance,2026-05-29,Home,5687,223,19,27,269,REF00134,Instagram,2026-05-29 10:00:00,153,CUST9051,TXN00134,2026-06-05 00:00:00,6,6,0,25637.32,Smartwatch,Electronics
CAM049,Weekend Flash,CR003,Rohan Kapoor,Tech,2026-04-20,Food,8012,350,36,33,419,REF00135,Email,2026-04-20 01:00:00,224,CUST5047,TXN00135,2026-04-29 00:00:00,26,22,4,61601.12,Travel Backpack,Travel
CAM051,Summer Launch,CR003,Rohan Kapoor,Tech,2026-03-22,Electronics,6630,297,25,21,343,REF00136,Instagram,2026-03-22 18:00:00,155,CUST1814,TXN00136,2026-03-29 00:00:00,3,3,0,3987.17,Travel Backpack,Travel
CAM041,Product Launch,CR002,Ananya Sharma,Fashion,2026-04-12,Home,5443,87,7,5,99,REF00137,Instagram,2026-04-12 06:00:00,89,CUST3547,TXN00137,2026-04-19 00:00:00,8,7,1,19381.94,Gaming Headset,Gaming
CAM033,Premium Picks,CR005,Vihaan Patel,Fitness,2026-06-26,Home,3787,146,10,12,168,REF00138,YouTube,2026-06-26 03:00:00,153,CUST8448,TXN00138,2026-07-04 00:00:00,10,10,0,33005.49,Coffee Maker,Home
CAM036,Product Launch,CR012,Kavya Iyer,Fashion,2026-01-28,Beauty,5577,242,37,17,296,REF00139,Google,2026-01-28 06:00:00,202,CUST7940,TXN00139,2026-02-03 00:00:00,12,10,2,33628.52,Smartwatch,Electronics
CAM059,Holiday Offers,CR010,Diya Joshi,Lifestyle,2026-01-17,Fitness,4099,264,35,28,327,REF00140,Direct,2026-01-17 05:00:00,147,CUST5322,TXN00140,2026-01-20 00:00:00,3,3,0,4301.66,Protein Powder,Fitness
CAM018,Creator Spotlight,CR003,Rohan Kapoor,Tech,2026-02-21,Beauty,6911,443,47,33,523,REF00141,Instagram,2026-02-21 20:00:00,214,CUST1992,TXN00141,2026-02-28 00:00:00,12,11,1,29773.1,Wireless Earbuds,Electronics
CAM007,Festive Picks,CR004,Isha Verma,Beauty,2026-05-25,Fitness,11348,395,25,40,460,REF00142,TikTok,2026-05-25 16:00:00,214,CUST9293,TXN00142,2026-05-28 00:00:00,11,7,4,18798.33,Skincare Kit,Beauty
CAM008,Summer Launch,CR006,Meera Nair,Travel,2026-05-12,Home,5464,186,26,9,221,REF00143,YouTube,2026-05-12 19:00:00,127,CUST4952,TXN00143,2026-05-18 00:00:00,5,5,0,23415.41,Smartwatch,Electronics
CAM017,Mega Savings,CR011,Aditya Deshmukh,Tech,2026-06-13,Beauty,3608,180,23,11,214,REF00144,Instagram,2026-06-13 04:00:00,123,CUST5814,TXN00144,2026-06-22 00:00:00,8,6,2,22792.02,Gaming Headset,Gaming
CAM023,Monsoon Sale,CR010,Diya Joshi,Lifestyle,2026-03-21,Fashion,5851,322,42,22,386,REF00145,Google,2026-03-21 19:00:00,150,CUST3276,TXN00145,2026-03-28 00:00:00,13,10,3,24624.36,Sneakers,Fashion
CAM033,Spring Refresh,CR009,Arjun Rao,Finance,2026-01-24,Fashion,6996,211,14,26,251,REF00146,Direct,2026-01-24 17:00:00,258,CUST4205,TXN00146,2026-01-30 00:00:00,14,13,1,43111.87,Sneakers,Fashion
CAM049,Creator Spotlight,CR005,Vihaan Patel,Fitness,2026-03-30,Food,8920,392,48,50,490,REF00147,TikTok,2026-03-30 01:00:00,198,CUST7520,TXN00147,2026-04-04 00:00:00,10,9,1,20941.54,Sneakers,Fashion
CAM030,Weekend Flash,CR007,Kabir Singh,Gaming,2026-03-12,Food,9053,536,43,64,643,REF00148,Instagram,2026-03-12 06:00:00,288,CUST8199,TXN00148,2026-03-19 00:00:00,12,10,2,37046.44,Wireless Earbuds,Electronics
CAM007,Summer Launch,CR006,Meera Nair,Travel,2026-01-18,Beauty,11407,495,61,42,598,REF00149,TikTok,2026-01-18 02:00:00,238,CUST5143,TXN00149,2026-01-26 00:00:00,13,12,1,57567.05,Coffee Maker,Home
CAM005,Back to College,CR011,Aditya Deshmukh,Tech,2026-03-05,Fashion,4997,227,34,13,274,REF00150,Facebook,2026-03-05 21:00:00,141,CUST5638,TXN00150,2026-03-06 00:00:00,11,9,2,12973.35,Skincare Kit,Beauty
CAM055,Premium Picks,CR009,Arjun Rao,Finance,2026-01-19,Fitness,14541,726,58,97,881,REF00151,Instagram,2026-01-19 17:00:00,392,CUST8742,TXN00151,2026-01-23 00:00:00,22,17,5,90174.51,Coffee Maker,Home
CAM052,Mega Savings,CR009,Arjun Rao,Finance,2026-04-26,Food,7595,304,30,30,364,REF00152,Direct,2026-04-26 06:00:00,175,CUST6801,TXN00152,2026-04-29 00:00:00,13,11,2,37327.29,Gaming Headset,Gaming
CAM054,Holiday Offers,CR010,Diya Joshi,Lifestyle,2026-06-29,Gaming,5801,259,18,17,294,REF00153,Instagram,2026-06-29 14:00:00,131,CUST2592,TXN00153,2026-07-06 00:00:00,6,6,0,15328.61,Wireless Earbuds,Electronics
CAM017,Product Launch,CR003,Rohan Kapoor,Tech,2026-05-27,Gaming,14933,835,68,102,1005,REF00154,Direct,2026-05-27 05:00:00,339,CUST6118,TXN00154,2026-06-05 00:00:00,25,24,1,56719.3,Gaming Headset,Gaming
CAM011,Spring Refresh,CR012,Kavya Iyer,Fashion,2026-01-27,Fitness,9140,302,28,33,363,REF00155,TikTok,2026-01-27 12:00:00,224,CUST6806,TXN00155,2026-01-30 00:00:00,14,13,1,26562.82,Coffee Maker,Home
CAM014,Weekend Flash,CR001,Aarav Mehta,Lifestyle,2026-05-15,Fashion,6738,285,28,21,334,REF00156,YouTube,2026-05-15 18:00:00,222,CUST9282,TXN00156,2026-05-16 00:00:00,6,4,2,12617.97,Travel Backpack,Travel
CAM005,Product Launch,CR002,Ananya Sharma,Fashion,2026-01-03,Travel,22112,1112,135,106,1353,REF00157,YouTube,2026-01-03 10:00:00,695,CUST8301,TXN00157,2026-01-07 00:00:00,59,52,7,190990.48,Coffee Maker,Home
CAM045,Back to College,CR003,Rohan Kapoor,Tech,2026-02-26,Gaming,10514,558,50,66,674,REF00158,Instagram,2026-02-26 10:00:00,335,CUST3796,TXN00158,2026-03-02 00:00:00,17,15,2,69660.33,Sneakers,Fashion
CAM059,Holiday Offers,CR008,Sara Khan,Food,2026-02-27,Electronics,7871,220,19,20,259,REF00159,YouTube,2026-02-27 08:00:00,154,CUST5740,TXN00159,2026-03-03 00:00:00,3,3,0,8621.59,Sneakers,Fashion
CAM053,New Collection,CR004,Isha Verma,Beauty,2026-01-10,Fashion,5019,148,12,12,172,REF00160,Direct,2026-01-10 22:00:00,88,CUST3125,TXN00160,2026-01-11 00:00:00,7,5,2,14817.58,Protein Powder,Fitness
CAM036,Festive Picks,CR006,Meera Nair,Travel,2026-04-13,Fashion,13018,420,50,44,514,REF00161,Instagram,2026-04-13 21:00:00,313,CUST4527,TXN00161,2026-04-22 00:00:00,15,14,1,21950.99,Skincare Kit,Beauty
CAM058,Weekend Flash,CR001,Aarav Mehta,Lifestyle,2026-02-21,Fashion,5222,175,20,17,212,REF00162,Direct,2026-02-21 18:00:00,162,CUST8804,TXN00162,2026-03-02 00:00:00,3,3,0,6761.45,Travel Backpack,Travel
CAM004,Product Launch,CR011,Aditya Deshmukh,Tech,2026-03-24,Fitness,5124,124,8,10,142,REF00163,Google,2026-03-24 16:00:00,96,CUST9279,TXN00163,2026-03-25 00:00:00,10,9,1,41589.4,Smartwatch,Electronics
CAM035,Holiday Offers,CR003,Rohan Kapoor,Tech,2026-05-08,Fashion,2500,82,6,6,94,REF00164,Facebook,2026-05-08 17:00:00,70,CUST3647,TXN00164,2026-05-14 00:00:00,2,2,0,8769.29,Gaming Headset,Gaming
CAM045,Back to College,CR001,Aarav Mehta,Lifestyle,2026-03-10,Fitness,3478,147,12,20,179,REF00165,Email,2026-03-10 17:00:00,66,CUST8742,TXN00165,2026-03-18 00:00:00,2,2,0,3317.29,Skincare Kit,Beauty
CAM017,Weekend Flash,CR008,Sara Khan,Food,2026-06-20,Home,15055,536,59,59,654,REF00166,Direct,2026-06-20 23:00:00,514,CUST2183,TXN00166,2026-06-28 00:00:00,31,28,3,99861.31,Wireless Earbuds,Electronics
CAM022,Monsoon Sale,CR004,Isha Verma,Beauty,2026-06-12,Electronics,8434,145,10,10,165,REF00167,Google,2026-06-12 12:00:00,182,CUST2937,TXN00167,2026-06-17 00:00:00,21,19,2,57887.2,Wireless Earbuds,Electronics
CAM028,Mega Savings,CR002,Ananya Sharma,Fashion,2026-02-07,Home,7958,353,48,37,438,REF00168,Facebook,2026-02-07 02:00:00,270,CUST6358,TXN00168,2026-02-12 00:00:00,6,6,0,5313.2,Skincare Kit,Beauty
CAM002,Spring Refresh,CR006,Meera Nair,Travel,2026-04-23,Fitness,5936,226,28,13,267,REF00169,Instagram,2026-04-23 02:00:00,204,CUST5909,TXN00169,2026-04-27 00:00:00,13,10,3,45750.44,Sneakers,Fashion
CAM014,Summer Launch,CR005,Vihaan Patel,Fitness,2026-04-26,Fashion,4166,183,14,11,208,REF00170,Direct,2026-04-26 09:00:00,140,CUST3887,TXN00170,2026-05-02 00:00:00,10,8,2,20002.1,Coffee Maker,Home
CAM048,Premium Picks,CR012,Kavya Iyer,Fashion,2026-01-06,Travel,4262,191,20,23,234,REF00171,TikTok,2026-01-06 22:00:00,103,CUST7718,TXN00171,2026-01-08 00:00:00,4,3,1,19458.91,Coffee Maker,Home
CAM011,Creator Spotlight,CR007,Kabir Singh,Gaming,2026-03-17,Fashion,5976,281,19,20,320,REF00172,Direct,2026-03-17 19:00:00,180,CUST6244,TXN00172,2026-03-24 00:00:00,9,9,0,21830.18,Travel Backpack,Travel
CAM046,Monsoon Sale,CR005,Vihaan Patel,Fitness,2026-04-20,Gaming,6942,332,45,18,395,REF00173,TikTok,2026-04-20 15:00:00,195,CUST6401,TXN00173,2026-04-28 00:00:00,6,5,1,9229.01,Travel Backpack,Travel
CAM017,Creator Spotlight,CR003,Rohan Kapoor,Tech,2026-03-29,Fitness,8986,624,88,69,781,REF00174,Email,2026-03-29 23:00:00,398,CUST5864,TXN00174,2026-04-01 00:00:00,22,18,4,64537.4,Smartwatch,Electronics
CAM024,Product Launch,CR003,Rohan Kapoor,Tech,2026-04-26,Electronics,4353,235,23,27,285,REF00175,Instagram,2026-04-26 15:00:00,140,CUST1913,TXN00175,2026-05-05 00:00:00,4,3,1,16875.71,Gaming Headset,Gaming
CAM046,Weekend Flash,CR005,Vihaan Patel,Fitness,2026-01-10,Food,6346,268,42,24,334,REF00176,YouTube,2026-01-10 18:00:00,152,CUST4446,TXN00176,2026-01-17 00:00:00,11,8,3,24704.6,Travel Backpack,Travel
CAM009,Monsoon Sale,CR005,Vihaan Patel,Fitness,2026-02-21,Home,3747,191,27,15,233,REF00177,Facebook,2026-02-21 17:00:00,138,CUST4829,TXN00177,2026-02-23 00:00:00,9,8,1,53445.42,Smartwatch,Electronics
CAM026,Mega Savings,CR008,Sara Khan,Food,2026-02-21,Fitness,4397,83,6,9,98,REF00178,TikTok,2026-02-21 05:00:00,101,CUST1367,TXN00178,2026-02-28 00:00:00,4,3,1,10522.82,Gaming Headset,Gaming
CAM015,Creator Spotlight,CR003,Rohan Kapoor,Tech,2026-06-16,Food,8684,436,57,26,519,REF00179,Instagram,2026-06-16 10:00:00,206,CUST9138,TXN00179,2026-06-25 00:00:00,13,10,3,43090.69,Sneakers,Fashion
CAM051,Spring Refresh,CR001,Aarav Mehta,Lifestyle,2026-01-11,Electronics,3715,189,14,13,216,REF00180,Instagram,2026-01-11 01:00:00,112,CUST9504,TXN00180,2026-01-18 00:00:00,1,1,0,2803.05,Coffee Maker,Home
CAM051,Weekend Flash,CR002,Ananya Sharma,Fashion,2026-06-09,Fashion,17291,942,112,100,1154,REF00181,Instagram,2026-06-09 19:00:00,596,CUST6628,TXN00181,2026-06-15 00:00:00,33,32,1,85801.97,Wireless Earbuds,Electronics
CAM015,Creator Spotlight,CR008,Sara Khan,Food,2026-04-29,Gaming,3182,59,4,6,69,REF00182,Instagram,2026-04-29 07:00:00,40,CUST3319,TXN00182,2026-05-06 00:00:00,3,3,0,11599.08,Wireless Earbuds,Electronics
CAM034,Product Launch,CR001,Aarav Mehta,Lifestyle,2026-02-07,Food,3928,175,17,17,209,REF00183,TikTok,2026-02-07 03:00:00,138,CUST1670,TXN00183,2026-02-08 00:00:00,5,3,2,8818.77,Skincare Kit,Beauty
CAM041,Summer Launch,CR011,Aditya Deshmukh,Tech,2026-01-08,Fashion,12521,599,85,62,746,REF00184,Instagram,2026-01-08 18:00:00,294,CUST5460,TXN00184,2026-01-16 00:00:00,12,10,2,24541.11,Skincare Kit,Beauty
CAM031,Holiday Offers,CR012,Kavya Iyer,Fashion,2026-02-05,Home,12399,509,58,29,596,REF00185,YouTube,2026-02-05 01:00:00,234,CUST9590,TXN00185,2026-02-13 00:00:00,15,14,1,28129.14,Skincare Kit,Beauty
CAM032,Product Launch,CR001,Aarav Mehta,Lifestyle,2026-03-25,Gaming,7340,389,41,29,459,REF00186,TikTok,2026-03-25 10:00:00,275,CUST6138,TXN00186,2026-03-28 00:00:00,13,10,3,78559.33,Smartwatch,Electronics
CAM047,Premium Picks,CR012,Kavya Iyer,Fashion,2026-01-27,Home,6644,300,22,37,359,REF00187,Email,2026-01-27 13:00:00,106,CUST1438,TXN00187,2026-02-04 00:00:00,11,10,1,27643.26,Travel Backpack,Travel
CAM055,Premium Picks,CR007,Kabir Singh,Gaming,2026-01-10,Home,10403,226,24,14,264,REF00188,YouTube,2026-01-10 04:00:00,240,CUST1578,TXN00188,2026-01-14 00:00:00,18,12,6,20241.19,Skincare Kit,Beauty
CAM005,Festive Picks,CR008,Sara Khan,Food,2026-06-18,Gaming,7970,276,24,29,329,REF00189,TikTok,2026-06-18 15:00:00,188,CUST5993,TXN00189,2026-06-24 00:00:00,5,4,1,11887.87,Wireless Earbuds,Electronics
CAM035,Weekend Flash,CR006,Meera Nair,Travel,2026-05-22,Electronics,9393,332,43,38,413,REF00190,Instagram,2026-05-22 23:00:00,179,CUST5407,TXN00190,2026-05-26 00:00:00,8,8,0,18267.08,Protein Powder,Fitness
CAM055,Weekend Flash,CR012,Kavya Iyer,Fashion,2026-04-21,Fashion,7860,221,23,23,267,REF00191,Instagram,2026-04-21 02:00:00,153,CUST5699,TXN00191,2026-04-27 00:00:00,8,6,2,23607.26,Coffee Maker,Home
CAM012,Mega Savings,CR001,Aarav Mehta,Lifestyle,2026-04-13,Beauty,4054,241,21,18,280,REF00192,YouTube,2026-04-13 19:00:00,118,CUST8605,TXN00192,2026-04-15 00:00:00,8,6,2,12837.07,Skincare Kit,Beauty
CAM054,Mega Savings,CR004,Isha Verma,Beauty,2026-02-18,Travel,9492,380,56,28,464,REF00193,Facebook,2026-02-18 08:00:00,237,CUST7997,TXN00193,2026-02-24 00:00:00,11,8,3,52966.94,Sneakers,Fashion
CAM038,Product Launch,CR006,Meera Nair,Travel,2026-03-09,Gaming,5200,279,23,35,337,REF00194,Facebook,2026-03-09 08:00:00,122,CUST4192,TXN00194,2026-03-14 00:00:00,8,8,0,22763.09,Travel Backpack,Travel
CAM008,Mega Savings,CR007,Kabir Singh,Gaming,2026-04-21,Fashion,12583,568,54,30,652,REF00195,YouTube,2026-04-21 05:00:00,331,CUST9553,TXN00195,2026-04-23 00:00:00,23,21,2,69866.4,Sneakers,Fashion
CAM015,Festive Picks,CR008,Sara Khan,Food,2026-03-11,Fashion,5322,198,15,18,231,REF00196,Google,2026-03-11 02:00:00,127,CUST7435,TXN00196,2026-03-12 00:00:00,5,4,1,20870.53,Gaming Headset,Gaming
CAM003,Weekend Flash,CR004,Isha Verma,Beauty,2026-04-16,Beauty,6328,268,29,16,313,REF00197,YouTube,2026-04-16 10:00:00,208,CUST5946,TXN00197,2026-04-22 00:00:00,13,12,1,42386.36,Coffee Maker,Home
CAM039,Monsoon Sale,CR004,Isha Verma,Beauty,2026-01-20,Travel,7296,253,36,26,315,REF00198,Email,2026-01-20 11:00:00,218,CUST1707,TXN00198,2026-01-23 00:00:00,12,12,0,56421.45,Gaming Headset,Gaming
CAM055,Weekend Flash,CR011,Aditya Deshmukh,Tech,2026-06-20,Home,13809,469,31,51,551,REF00199,Google,2026-06-20 06:00:00,177,CUST3187,TXN00199,2026-06-21 00:00:00,9,8,1,30211.52,Sneakers,Fashion
CAM039,Mega Savings,CR009,Arjun Rao,Finance,2026-05-04,Fitness,5079,229,29,27,285,REF00200,Instagram,2026-05-04 16:00:00,117,CUST8897,TXN00200,2026-05-08 00:00:00,7,7,0,23740.32,Protein Powder,Fitness
CAM025,Product Launch,CR005,Vihaan Patel,Fitness,2026-02-06,Gaming,9741,400,56,52,508,REF00201,Google,2026-02-06 11:00:00,296,CUST3854,TXN00201,2026-02-10 00:00:00,16,14,2,25471.51,Skincare Kit,Beauty
CAM027,Mega Savings,CR011,Aditya Deshmukh,Tech,2026-06-26,Fashion,11815,495,60,54,609,REF00202,Instagram,2026-06-26 13:00:00,398,CUST5396,TXN00202,2026-07-04 00:00:00,27,21,6,149470.52,Smartwatch,Electronics
CAM049,Creator Spotlight,CR004,Isha Verma,Beauty,2026-05-09,Electronics,6948,227,34,14,275,REF00203,Instagram,2026-05-09 01:00:00,213,CUST9267,TXN00203,2026-05-13 00:00:00,6,6,0,22799.07,Wireless Earbuds,Electronics
CAM036,Product Launch,CR006,Meera Nair,Travel,2026-04-06,Electronics,13834,716,77,70,863,REF00204,TikTok,2026-04-06 10:00:00,506,CUST4159,TXN00204,2026-04-14 00:00:00,4,3,1,6196.78,Skincare Kit,Beauty
CAM017,Premium Picks,CR002,Ananya Sharma,Fashion,2026-06-28,Fitness,6681,203,23,27,253,REF00205,Facebook,2026-06-28 21:00:00,172,CUST8948,TXN00205,2026-07-07 00:00:00,6,4,2,7538.59,Skincare Kit,Beauty
CAM040,Creator Spotlight,CR012,Kavya Iyer,Fashion,2026-01-25,Gaming,4470,212,19,14,245,REF00206,YouTube,2026-01-25 12:00:00,117,CUST9800,TXN00206,2026-01-28 00:00:00,6,6,0,6616.75,Skincare Kit,Beauty
CAM048,Premium Picks,CR010,Diya Joshi,Lifestyle,2026-02-15,Home,7655,197,26,16,239,REF00207,Google,2026-02-15 19:00:00,149,CUST2326,TXN00207,2026-02-18 00:00:00,10,8,2,16945.31,Travel Backpack,Travel
CAM037,Premium Picks,CR009,Arjun Rao,Finance,2026-02-22,Fashion,3328,167,19,19,205,REF00208,TikTok,2026-02-22 23:00:00,81,CUST8505,TXN00208,2026-02-27 00:00:00,5,4,1,8662.01,Protein Powder,Fitness
CAM007,Summer Launch,CR010,Diya Joshi,Lifestyle,2026-01-18,Food,4790,160,20,19,199,REF00209,TikTok,2026-01-18 03:00:00,135,CUST9859,TXN00209,2026-01-26 00:00:00,10,10,0,28376.24,Gaming Headset,Gaming
CAM032,Summer Launch,CR006,Meera Nair,Travel,2026-02-03,Gaming,6474,346,53,22,421,REF00210,TikTok,2026-02-03 10:00:00,164,CUST7391,TXN00210,2026-02-09 00:00:00,5,4,1,17355.88,Protein Powder,Fitness
CAM018,Weekend Flash,CR009,Arjun Rao,Finance,2026-03-04,Home,6075,325,34,25,384,REF00211,Facebook,2026-03-04 14:00:00,204,CUST9013,TXN00211,2026-03-09 00:00:00,10,8,2,36992.0,Sneakers,Fashion
CAM026,New Collection,CR001,Aarav Mehta,Lifestyle,2026-03-16,Fitness,18371,485,69,58,612,REF00212,TikTok,2026-03-16 21:00:00,445,CUST7680,TXN00212,2026-03-25 00:00:00,15,14,1,33232.09,Coffee Maker,Home
CAM009,Weekend Flash,CR004,Isha Verma,Beauty,2026-03-25,Gaming,4725,270,20,23,313,REF00213,Instagram,2026-03-25 01:00:00,128,CUST4191,TXN00213,2026-03-31 00:00:00,5,4,1,4942.77,Skincare Kit,Beauty
CAM028,Summer Launch,CR005,Vihaan Patel,Fitness,2026-05-21,Beauty,19042,1001,97,105,1203,REF00214,Instagram,2026-05-21 01:00:00,713,CUST2263,TXN00214,2026-05-26 00:00:00,37,31,6,89127.08,Wireless Earbuds,Electronics
CAM012,Back to College,CR011,Aditya Deshmukh,Tech,2026-06-06,Fitness,9012,435,60,50,545,REF00215,Facebook,2026-06-06 10:00:00,277,CUST4475,TXN00215,2026-06-07 00:00:00,18,16,2,61771.92,Gaming Headset,Gaming
CAM020,Creator Spotlight,CR005,Vihaan Patel,Fitness,2026-01-09,Fitness,16126,803,119,58,980,REF00216,TikTok,2026-01-09 06:00:00,539,CUST4171,TXN00216,2026-01-10 00:00:00,21,19,2,24582.02,Skincare Kit,Beauty
CAM043,Monsoon Sale,CR001,Aarav Mehta,Lifestyle,2026-02-07,Food,12428,742,53,91,886,REF00217,YouTube,2026-02-07 22:00:00,359,CUST1822,TXN00217,2026-02-08 00:00:00,14,12,2,17318.6,Skincare Kit,Beauty
CAM049,Product Launch,CR002,Ananya Sharma,Fashion,2026-05-13,Home,7289,383,36,46,465,REF00218,Instagram,2026-05-13 21:00:00,174,CUST4241,TXN00218,2026-05-16 00:00:00,6,6,0,7471.95,Skincare Kit,Beauty
CAM031,Festive Picks,CR011,Aditya Deshmukh,Tech,2026-03-31,Travel,7271,307,42,35,384,REF00219,Instagram,2026-03-31 17:00:00,187,CUST6038,TXN00219,2026-04-08 00:00:00,10,10,0,14064.09,Skincare Kit,Beauty
CAM056,Product Launch,CR001,Aarav Mehta,Lifestyle,2026-02-23,Travel,14144,577,74,62,713,REF00220,Email,2026-02-23 16:00:00,343,CUST6813,TXN00220,2026-02-25 00:00:00,20,19,1,39382.37,Skincare Kit,Beauty
CAM058,Festive Picks,CR009,Arjun Rao,Finance,2026-06-27,Fashion,5799,166,23,21,210,REF00221,Direct,2026-06-27 17:00:00,161,CUST7940,TXN00221,2026-06-28 00:00:00,6,4,2,7731.98,Travel Backpack,Travel
CAM006,Weekend Flash,CR009,Arjun Rao,Finance,2026-03-28,Fashion,3557,127,8,9,144,REF00222,Instagram,2026-03-28 12:00:00,71,CUST9455,TXN00222,2026-04-01 00:00:00,3,3,0,3147.53,Skincare Kit,Beauty
CAM004,Product Launch,CR006,Meera Nair,Travel,2026-01-21,Home,6733,189,19,11,219,REF00223,Instagram,2026-01-21 11:00:00,163,CUST9179,TXN00223,2026-01-30 00:00:00,4,4,0,14924.01,Gaming Headset,Gaming
CAM008,Back to College,CR007,Kabir Singh,Gaming,2026-04-30,Home,3994,165,23,10,198,REF00224,YouTube,2026-04-30 11:00:00,56,CUST5300,TXN00224,2026-05-03 00:00:00,3,2,1,11881.15,Wireless Earbuds,Electronics
CAM046,Mega Savings,CR012,Kavya Iyer,Fashion,2026-05-10,Fashion,5419,265,34,25,324,REF00225,YouTube,2026-05-10 15:00:00,133,CUST7284,TXN00225,2026-05-16 00:00:00,8,8,0,16522.92,Travel Backpack,Travel
CAM040,Festive Picks,CR011,Aditya Deshmukh,Tech,2026-01-09,Travel,3511,163,20,11,194,REF00226,Instagram,2026-01-09 21:00:00,101,CUST1916,TXN00226,2026-01-14 00:00:00,5,5,0,14685.5,Coffee Maker,Home
CAM036,Holiday Offers,CR009,Arjun Rao,Finance,2026-05-12,Travel,5704,346,49,22,417,REF00227,TikTok,2026-05-12 03:00:00,99,CUST8459,TXN00227,2026-05-17 00:00:00,9,8,1,31516.89,Sneakers,Fashion
CAM005,Holiday Offers,CR009,Arjun Rao,Finance,2026-03-31,Home,8227,215,14,17,246,REF00228,Google,2026-03-31 05:00:00,177,CUST7990,TXN00228,2026-04-07 00:00:00,9,8,1,21111.93,Protein Powder,Fitness
CAM046,New Collection,CR002,Ananya Sharma,Fashion,2026-04-07,Home,3102,69,10,8,87,REF00229,YouTube,2026-04-07 16:00:00,56,CUST2429,TXN00229,2026-04-16 00:00:00,6,4,2,11283.68,Skincare Kit,Beauty
CAM004,New Collection,CR002,Ananya Sharma,Fashion,2026-05-06,Electronics,6209,243,22,12,277,REF00230,TikTok,2026-05-06 22:00:00,166,CUST1549,TXN00230,2026-05-11 00:00:00,8,6,2,31202.48,Sneakers,Fashion
CAM003,Holiday Offers,CR002,Ananya Sharma,Fashion,2026-03-02,Fitness,7626,226,23,26,275,REF00231,Google,2026-03-02 13:00:00,189,CUST1322,TXN00231,2026-03-11 00:00:00,6,3,3,10609.31,Protein Powder,Fitness
CAM037,Summer Launch,CR007,Kabir Singh,Gaming,2026-03-02,Home,26313,617,46,65,728,REF00232,Direct,2026-03-02 19:00:00,680,CUST2547,TXN00232,2026-03-05 00:00:00,50,42,8,50812.4,Skincare Kit,Beauty
CAM058,Holiday Offers,CR001,Aarav Mehta,Lifestyle,2026-06-21,Travel,5854,219,22,19,260,REF00233,Direct,2026-06-21 08:00:00,183,CUST8777,TXN00233,2026-06-28 00:00:00,13,12,1,37980.2,Travel Backpack,Travel
CAM051,Monsoon Sale,CR008,Sara Khan,Food,2026-03-26,Beauty,6685,257,35,16,308,REF00234,Email,2026-03-26 08:00:00,199,CUST3119,TXN00234,2026-04-01 00:00:00,9,7,2,39594.12,Gaming Headset,Gaming
CAM045,Product Launch,CR011,Aditya Deshmukh,Tech,2026-03-05,Gaming,4006,114,14,12,140,REF00235,Instagram,2026-03-05 22:00:00,95,CUST1400,TXN00235,2026-03-09 00:00:00,2,2,0,3874.11,Skincare Kit,Beauty
CAM007,Festive Picks,CR008,Sara Khan,Food,2026-01-26,Gaming,5903,222,13,22,257,REF00236,Direct,2026-01-26 13:00:00,151,CUST1467,TXN00236,2026-02-04 00:00:00,4,4,0,17490.99,Coffee Maker,Home
CAM050,Creator Spotlight,CR008,Sara Khan,Food,2026-02-17,Food,9710,407,47,32,486,REF00237,Google,2026-02-17 13:00:00,316,CUST7858,TXN00237,2026-02-19 00:00:00,24,20,4,39535.54,Protein Powder,Fitness
CAM055,Festive Picks,CR001,Aarav Mehta,Lifestyle,2026-04-01,Travel,6066,249,18,22,289,REF00238,Instagram,2026-04-01 02:00:00,106,CUST4248,TXN00238,2026-04-09 00:00:00,1,1,0,6248.73,Smartwatch,Electronics
CAM026,New Collection,CR008,Sara Khan,Food,2026-05-24,Food,6332,264,33,20,317,REF00239,Email,2026-05-24 21:00:00,192,CUST3626,TXN00239,2026-05-31 00:00:00,10,10,0,34150.77,Smartwatch,Electronics
CAM047,Weekend Flash,CR011,Aditya Deshmukh,Tech,2026-05-14,Home,7054,217,16,13,246,REF00240,Google,2026-05-14 06:00:00,216,CUST3339,TXN00240,2026-05-15 00:00:00,10,10,0,48159.54,Sneakers,Fashion
CAM015,Summer Launch,CR004,Isha Verma,Beauty,2026-05-31,Fashion,9934,322,31,42,395,REF00241,YouTube,2026-05-31 21:00:00,280,CUST1569,TXN00241,2026-06-06 00:00:00,21,18,3,47255.47,Protein Powder,Fitness
CAM012,Weekend Flash,CR010,Diya Joshi,Lifestyle,2026-03-28,Beauty,8419,414,28,30,472,REF00242,Facebook,2026-03-28 09:00:00,189,CUST6222,TXN00242,2026-03-29 00:00:00,10,9,1,31478.23,Wireless Earbuds,Electronics
CAM025,Spring Refresh,CR003,Rohan Kapoor,Tech,2026-06-18,Gaming,6203,287,26,17,330,REF00243,Facebook,2026-06-18 10:00:00,240,CUST1810,TXN00243,2026-06-25 00:00:00,12,12,0,23994.21,Skincare Kit,Beauty
CAM021,Monsoon Sale,CR006,Meera Nair,Travel,2026-04-19,Home,4535,199,15,20,234,REF00244,Direct,2026-04-19 22:00:00,103,CUST5298,TXN00244,2026-04-27 00:00:00,9,9,0,20126.84,Gaming Headset,Gaming
CAM049,Festive Picks,CR007,Kabir Singh,Gaming,2026-01-12,Electronics,16058,650,93,37,780,REF00245,Instagram,2026-01-12 11:00:00,519,CUST2193,TXN00245,2026-01-21 00:00:00,19,16,3,76754.42,Coffee Maker,Home
CAM039,Summer Launch,CR012,Kavya Iyer,Fashion,2026-04-11,Fitness,9010,260,20,27,307,REF00246,Google,2026-04-11 10:00:00,157,CUST3672,TXN00246,2026-04-17 00:00:00,10,9,1,43829.32,Wireless Earbuds,Electronics
CAM034,Product Launch,CR006,Meera Nair,Travel,2026-05-11,Electronics,18620,637,54,70,761,REF00247,Instagram,2026-05-11 13:00:00,417,CUST2263,TXN00247,2026-05-19 00:00:00,25,20,5,71048.78,Wireless Earbuds,Electronics
CAM002,Holiday Offers,CR010,Diya Joshi,Lifestyle,2026-06-06,Travel,6794,271,31,25,327,REF00248,Instagram,2026-06-06 13:00:00,123,CUST8726,TXN00248,2026-06-11 00:00:00,2,2,0,5974.65,Protein Powder,Fitness
CAM019,Premium Picks,CR005,Vihaan Patel,Fitness,2026-01-22,Food,10316,465,41,43,549,REF00249,Facebook,2026-01-22 08:00:00,242,CUST8756,TXN00249,2026-01-24 00:00:00,16,13,3,55443.33,Protein Powder,Fitness
CAM018,Summer Launch,CR004,Isha Verma,Beauty,2026-01-01,Gaming,10736,364,51,41,456,REF00250,Email,2026-01-01 19:00:00,288,CUST5464,TXN00250,2026-01-06 00:00:00,27,22,5,101413.02,Wireless Earbuds,Electronics
CAM032,Premium Picks,CR006,Meera Nair,Travel,2026-02-09,Gaming,5544,247,31,17,295,REF00251,Google,2026-02-09 04:00:00,173,CUST5380,TXN00251,2026-02-10 00:00:00,14,14,0,43107.97,Protein Powder,Fitness
CAM028,Weekend Flash,CR002,Ananya Sharma,Fashion,2026-04-21,Travel,5814,255,24,24,303,REF00252,Email,2026-04-21 23:00:00,180,CUST3983,TXN00252,2026-04-30 00:00:00,8,6,2,17460.62,Travel Backpack,Travel
CAM046,Premium Picks,CR001,Aarav Mehta,Lifestyle,2026-03-17,Home,6061,268,33,23,324,REF00253,TikTok,2026-03-17 04:00:00,182,CUST1983,TXN00253,2026-03-22 00:00:00,4,4,0,4860.63,Travel Backpack,Travel
CAM011,Creator Spotlight,CR006,Meera Nair,Travel,2026-02-08,Fashion,5003,148,15,12,175,REF00254,Email,2026-02-08 03:00:00,81,CUST6862,TXN00254,2026-02-14 00:00:00,4,2,2,11879.35,Travel Backpack,Travel
CAM048,Monsoon Sale,CR004,Isha Verma,Beauty,2026-06-10,Food,9303,276,36,19,331,REF00255,TikTok,2026-06-10 20:00:00,223,CUST3736,TXN00255,2026-06-11 00:00:00,12,11,1,33754.27,Gaming Headset,Gaming
CAM024,Spring Refresh,CR005,Vihaan Patel,Fitness,2026-04-19,Electronics,3786,179,25,11,215,REF00256,TikTok,2026-04-19 01:00:00,109,CUST1702,TXN00256,2026-04-22 00:00:00,3,3,0,12078.71,Coffee Maker,Home
CAM032,Creator Spotlight,CR008,Sara Khan,Food,2026-05-29,Fashion,13068,678,96,53,827,REF00257,Google,2026-05-29 18:00:00,398,CUST1395,TXN00257,2026-05-31 00:00:00,33,32,1,134510.33,Wireless Earbuds,Electronics
CAM011,Festive Picks,CR007,Kabir Singh,Gaming,2026-02-05,Fitness,4945,62,9,7,78,REF00258,Google,2026-02-05 18:00:00,67,,,,0,0,0,0.0,Sneakers,Fashion
CAM027,Back to College,CR005,Vihaan Patel,Fitness,2026-05-07,Food,7311,428,35,22,485,REF00259,YouTube,2026-05-07 04:00:00,201,CUST4266,TXN00259,2026-05-11 00:00:00,13,11,2,29351.5,Gaming Headset,Gaming
CAM003,New Collection,CR009,Arjun Rao,Finance,2026-02-15,Fashion,2596,61,5,7,73,REF00260,Google,2026-02-15 11:00:00,61,CUST8695,TXN00260,2026-02-21 00:00:00,5,5,0,13358.57,Coffee Maker,Home
CAM038,Mega Savings,CR011,Aditya Deshmukh,Tech,2026-04-18,Gaming,9701,374,30,22,426,REF00261,YouTube,2026-04-18 12:00:00,291,CUST6194,TXN00261,2026-04-24 00:00:00,25,21,4,51886.01,Wireless Earbuds,Electronics
CAM031,Premium Picks,CR004,Isha Verma,Beauty,2026-04-25,Fashion,4297,178,18,22,218,REF00262,Instagram,2026-04-25 08:00:00,96,CUST4444,TXN00262,2026-05-04 00:00:00,6,5,1,8678.07,Skincare Kit,Beauty
CAM049,Festive Picks,CR010,Diya Joshi,Lifestyle,2026-06-18,Gaming,3540,170,14,18,202,REF00263,Instagram,2026-06-18 16:00:00,109,,,,0,0,0,0.0,Smartwatch,Electronics
CAM013,Weekend Flash,CR011,Aditya Deshmukh,Tech,2026-02-07,Fashion,4276,201,24,20,245,REF00264,Direct,2026-02-07 05:00:00,154,CUST8332,TXN00264,2026-02-09 00:00:00,8,7,1,33113.99,Wireless Earbuds,Electronics
CAM041,Monsoon Sale,CR012,Kavya Iyer,Fashion,2026-06-19,Fashion,5085,228,34,13,275,REF00265,Instagram,2026-06-19 17:00:00,233,CUST7428,TXN00265,2026-06-27 00:00:00,12,10,2,16511.01,Travel Backpack,Travel
CAM034,Holiday Offers,CR002,Ananya Sharma,Fashion,2026-05-08,Food,11433,456,43,58,557,REF00266,Direct,2026-05-08 22:00:00,411,CUST7120,TXN00266,2026-05-09 00:00:00,30,22,8,45225.54,Skincare Kit,Beauty
CAM059,Weekend Flash,CR012,Kavya Iyer,Fashion,2026-06-02,Fitness,3314,153,11,11,175,REF00267,Email,2026-06-02 02:00:00,62,CUST6730,TXN00267,2026-06-03 00:00:00,4,3,1,11630.6,Wireless Earbuds,Electronics
CAM051,Monsoon Sale,CR009,Arjun Rao,Finance,2026-03-20,Gaming,6169,277,31,17,325,REF00268,Instagram,2026-03-20 01:00:00,144,CUST1781,TXN00268,2026-03-27 00:00:00,8,5,3,11830.62,Skincare Kit,Beauty
CAM041,Mega Savings,CR005,Vihaan Patel,Fitness,2026-04-30,Fitness,6590,299,18,32,349,REF00269,Direct,2026-04-30 12:00:00,162,CUST7266,TXN00269,2026-05-02 00:00:00,15,13,2,60303.79,Wireless Earbuds,Electronics
CAM060,Mega Savings,CR005,Vihaan Patel,Fitness,2026-01-16,Fitness,8291,187,24,14,225,REF00270,Email,2026-01-16 15:00:00,238,CUST6678,TXN00270,2026-01-19 00:00:00,12,10,2,42822.35,Smartwatch,Electronics
CAM023,Premium Picks,CR009,Arjun Rao,Finance,2026-05-02,Home,12300,641,82,43,766,REF00271,Google,2026-05-02 01:00:00,272,CUST5174,TXN00271,2026-05-03 00:00:00,13,10,3,37564.74,Wireless Earbuds,Electronics
CAM043,Weekend Flash,CR011,Aditya Deshmukh,Tech,2026-04-23,Beauty,7438,370,49,32,451,REF00272,Facebook,2026-04-23 05:00:00,269,CUST7456,TXN00272,2026-04-25 00:00:00,16,13,3,30720.17,Wireless Earbuds,Electronics
CAM054,Festive Picks,CR012,Kavya Iyer,Fashion,2026-04-25,Beauty,8880,456,59,28,543,REF00273,Instagram,2026-04-25 15:00:00,143,CUST5583,TXN00273,2026-05-02 00:00:00,4,4,0,11859.09,Travel Backpack,Travel
CAM038,Summer Launch,CR010,Diya Joshi,Lifestyle,2026-04-19,Electronics,10490,361,58,45,464,REF00274,TikTok,2026-04-19 06:00:00,216,CUST5916,TXN00274,2026-04-23 00:00:00,8,6,2,23711.82,Coffee Maker,Home
CAM018,Mega Savings,CR001,Aarav Mehta,Lifestyle,2026-05-11,Food,14931,571,75,34,680,REF00275,Direct,2026-05-11 17:00:00,503,CUST8104,TXN00275,2026-05-18 00:00:00,37,30,7,103156.92,Gaming Headset,Gaming
CAM006,Product Launch,CR006,Meera Nair,Travel,2026-01-01,Fitness,3100,109,11,13,133,REF00276,TikTok,2026-01-01 07:00:00,108,CUST7965,TXN00276,2026-01-10 00:00:00,5,5,0,17363.28,Coffee Maker,Home
CAM007,New Collection,CR003,Rohan Kapoor,Tech,2026-04-19,Travel,14063,522,37,37,596,REF00277,Google,2026-04-19 12:00:00,419,CUST4902,TXN00277,2026-04-28 00:00:00,16,16,0,62111.57,Gaming Headset,Gaming
CAM035,Mega Savings,CR011,Aditya Deshmukh,Tech,2026-01-23,Travel,2500,110,13,13,136,REF00278,Instagram,2026-01-23 18:00:00,31,CUST6426,TXN00278,2026-01-24 00:00:00,1,1,0,2883.61,Gaming Headset,Gaming
CAM032,Monsoon Sale,CR004,Isha Verma,Beauty,2026-03-13,Fashion,11226,430,53,44,527,REF00279,Instagram,2026-03-13 01:00:00,236,CUST7062,TXN00279,2026-03-14 00:00:00,12,11,1,23821.6,Skincare Kit,Beauty
CAM057,Festive Picks,CR002,Ananya Sharma,Fashion,2026-02-05,Home,2564,90,13,9,112,REF00280,Email,2026-02-05 13:00:00,47,CUST2431,TXN00280,2026-02-07 00:00:00,2,2,0,3643.77,Coffee Maker,Home
CAM036,Mega Savings,CR010,Diya Joshi,Lifestyle,2026-01-03,Fitness,5016,206,20,26,252,REF00281,TikTok,2026-01-03 06:00:00,162,CUST5615,TXN00281,2026-01-07 00:00:00,10,8,2,40488.74,Smartwatch,Electronics
CAM060,Back to College,CR008,Sara Khan,Food,2026-06-07,Food,7005,160,11,21,192,REF00282,Direct,2026-06-07 20:00:00,97,CUST4193,TXN00282,2026-06-15 00:00:00,5,5,0,15994.42,Gaming Headset,Gaming
CAM027,Back to College,CR010,Diya Joshi,Lifestyle,2026-04-06,Food,3706,169,10,17,196,REF00283,YouTube,2026-04-06 08:00:00,152,CUST6622,TXN00283,2026-04-14 00:00:00,7,7,0,19626.21,Travel Backpack,Travel
CAM016,Back to College,CR009,Arjun Rao,Finance,2026-06-26,Food,5868,302,33,19,354,REF00284,Google,2026-06-26 17:00:00,147,CUST8298,TXN00284,2026-07-04 00:00:00,11,11,0,44503.43,Coffee Maker,Home
CAM017,Monsoon Sale,CR006,Meera Nair,Travel,2026-04-20,Electronics,4949,292,33,25,350,REF00285,Email,2026-04-20 01:00:00,136,CUST1363,TXN00285,2026-04-21 00:00:00,7,7,0,43800.4,Smartwatch,Electronics
CAM007,Back to College,CR012,Kavya Iyer,Fashion,2026-05-28,Gaming,4785,175,23,18,216,REF00286,Instagram,2026-05-28 16:00:00,43,CUST1066,TXN00286,2026-05-31 00:00:00,4,4,0,10756.99,Sneakers,Fashion
CAM028,Weekend Flash,CR008,Sara Khan,Food,2026-03-20,Fitness,4186,141,15,16,172,REF00287,YouTube,2026-03-20 10:00:00,73,CUST3676,TXN00287,2026-03-29 00:00:00,3,3,0,17566.71,Smartwatch,Electronics
CAM046,New Collection,CR003,Rohan Kapoor,Tech,2026-05-27,Fashion,11144,511,80,68,659,REF00288,YouTube,2026-05-27 13:00:00,452,CUST8184,TXN00288,2026-05-29 00:00:00,19,15,4,45805.01,Sneakers,Fashion
CAM014,Premium Picks,CR005,Vihaan Patel,Fitness,2026-05-30,Home,11854,345,54,23,422,REF00289,Email,2026-05-30 04:00:00,354,CUST1957,TXN00289,2026-06-04 00:00:00,12,9,3,28720.63,Wireless Earbuds,Electronics
CAM040,Holiday Offers,CR008,Sara Khan,Food,2026-06-25,Food,4960,188,19,24,231,REF00290,Google,2026-06-25 06:00:00,140,CUST4044,TXN00290,2026-07-04 00:00:00,8,8,0,20356.71,Protein Powder,Fitness
CAM009,New Collection,CR010,Diya Joshi,Lifestyle,2026-06-03,,9478,308,35,41,384,REF00291,TikTok,2026-06-03 23:00:00,156,CUST7862,TXN00291,2026-06-08 00:00:00,9,9,0,17416.14,Sneakers,Fashion
CAM018,Mega Savings,CR001,Aarav Mehta,Lifestyle,2026-03-27,Fashion,2742,131,13,12,156,REF00292,YouTube,2026-03-27 02:00:00,81,CUST8242,TXN00292,2026-04-02 00:00:00,6,5,1,22527.41,Wireless Earbuds,Electronics
CAM009,Spring Refresh,CR012,Kavya Iyer,Fashion,2026-01-28,Fitness,7167,234,34,27,295,REF00293,Instagram,2026-01-28 02:00:00,57,CUST3112,TXN00293,2026-02-01 00:00:00,3,2,1,7223.78,Travel Backpack,Travel
CAM056,Summer Launch,CR003,Rohan Kapoor,Tech,2026-05-08,Fashion,10226,477,46,54,577,REF00294,Instagram,2026-05-08 22:00:00,316,CUST8088,TXN00294,2026-05-14 00:00:00,23,22,1,35050.49,Skincare Kit,Beauty
CAM037,Mega Savings,CR006,Meera Nair,Travel,2026-04-16,Food,3671,108,14,6,128,REF00295,TikTok,2026-04-16 13:00:00,63,CUST9767,TXN00295,2026-04-24 00:00:00,7,7,0,23130.29,Sneakers,Fashion
CAM011,Creator Spotlight,CR005,Vihaan Patel,Fitness,2026-01-23,Travel,16977,883,54,66,1003,REF00296,Email,2026-01-23 11:00:00,438,CUST6303,TXN00296,2026-01-31 00:00:00,30,29,1,125283.8,Coffee Maker,Home
CAM060,Mega Savings,CR002,Ananya Sharma,Fashion,2026-04-23,Electronics,8914,269,19,30,318,REF00297,Google,2026-04-23 02:00:00,195,CUST9390,TXN00297,2026-04-27 00:00:00,9,9,0,34451.61,Sneakers,Fashion
CAM052,Mega Savings,CR007,Kabir Singh,Gaming,2026-06-15,Fitness,5176,256,21,22,299,REF00298,YouTube,2026-06-15 18:00:00,152,CUST9019,TXN00298,2026-06-20 00:00:00,9,8,1,22216.82,Wireless Earbuds,Electronics
CAM058,Weekend Flash,CR009,Arjun Rao,Finance,2026-02-11,Travel,5665,269,39,17,325,REF00299,Direct,2026-02-11 08:00:00,143,CUST3782,TXN00299,2026-02-14 00:00:00,3,3,0,7124.34,Wireless Earbuds,Electronics
CAM038,New Collection,CR007,Kabir Singh,Gaming,2026-01-11,Fitness,3089,171,21,9,201,REF00300,Instagram,2026-01-11 02:00:00,78,CUST8601,TXN00300,2026-01-16 00:00:00,1,1,0,3841.45,Wireless Earbuds,Electronics
CAM020,Premium Picks,CR002,Ananya Sharma,Fashion,2026-06-12,Food,2500,118,8,11,137,REF00301,Instagram,2026-06-12 12:00:00,94,CUST5384,TXN00301,2026-06-15 00:00:00,3,3,0,9447.71,Sneakers,Fashion
CAM051,Back to College,CR008,Sara Khan,Food,2026-02-04,Travel,4790,120,10,14,144,REF00302,Instagram,2026-02-04 05:00:00,120,CUST5473,TXN00302,2026-02-07 00:00:00,3,2,1,7347.49,Travel Backpack,Travel
CAM059,Festive Picks,CR009,Arjun Rao,Finance,2026-06-04,Gaming,6766,230,36,28,294,REF00303,YouTube,2026-06-04 12:00:00,173,CUST8028,TXN00303,2026-06-12 00:00:00,7,7,0,22191.99,Smartwatch,Electronics
CAM028,Creator Spotlight,CR007,Kabir Singh,Gaming,2026-05-24,Travel,10313,355,51,37,443,REF00304,Instagram,2026-05-24 22:00:00,181,CUST9891,TXN00304,2026-06-02 00:00:00,3,3,0,10929.74,Coffee Maker,Home
CAM005,Mega Savings,CR009,Arjun Rao,Finance,2026-02-12,Beauty,13087,437,47,37,521,REF00305,Google,2026-02-12 01:00:00,420,CUST5153,TXN00305,2026-02-21 00:00:00,21,18,3,75304.57,Gaming Headset,Gaming
CAM016,Weekend Flash,CR005,Vihaan Patel,Fitness,2026-04-24,Gaming,9633,622,66,43,731,REF00306,Instagram,2026-04-24 16:00:00,284,CUST5844,TXN00306,2026-05-02 00:00:00,20,19,1,79397.99,Coffee Maker,Home
CAM024,Product Launch,CR007,Kabir Singh,Gaming,2026-03-29,Home,6845,338,33,25,396,REF00307,Direct,2026-03-29 17:00:00,238,CUST6533,TXN00307,2026-04-07 00:00:00,9,9,0,18090.19,Protein Powder,Fitness
CAM046,Mega Savings,CR002,Ananya Sharma,Fashion,2026-04-03,Food,4991,229,15,17,261,REF00308,YouTube,2026-04-03 14:00:00,132,CUST4372,TXN00308,2026-04-04 00:00:00,14,10,4,58603.05,Wireless Earbuds,Electronics
CAM038,Spring Refresh,CR001,Aarav Mehta,Lifestyle,2026-04-30,Home,6260,211,23,16,250,REF00309,TikTok,2026-04-30 04:00:00,185,CUST1810,TXN00309,2026-05-08 00:00:00,7,7,0,8949.36,Skincare Kit,Beauty
CAM034,Weekend Flash,CR012,Kavya Iyer,Fashion,2026-03-30,Food,6160,343,41,30,414,REF00310,Google,2026-03-30 03:00:00,138,CUST3819,TXN00310,2026-04-06 00:00:00,4,2,2,15024.27,Coffee Maker,Home
CAM036,New Collection,CR007,Kabir Singh,Gaming,2026-01-25,Beauty,6185,290,34,24,348,REF00311,Instagram,2026-01-25 18:00:00,150,CUST3508,TXN00311,2026-01-30 00:00:00,8,8,0,37080.6,Smartwatch,Electronics
CAM031,New Collection,CR012,Kavya Iyer,Fashion,2026-06-29,Travel,6806,163,16,12,191,REF00312,Instagram,2026-06-29 06:00:00,146,CUST1340,TXN00312,2026-07-08 00:00:00,3,3,0,5345.27,Skincare Kit,Beauty
CAM015,Spring Refresh,CR004,Isha Verma,Beauty,2026-03-27,Fashion,7796,353,52,27,432,REF00313,Direct,2026-03-27 23:00:00,161,CUST1157,TXN00313,2026-03-30 00:00:00,4,4,0,7693.34,Wireless Earbuds,Electronics
CAM014,Creator Spotlight,CR006,Meera Nair,Travel,2026-06-25,Food,4144,121,11,8,140,REF00314,Google,2026-06-25 10:00:00,108,CUST4261,TXN00314,2026-07-01 00:00:00,6,5,1,36297.9,Smartwatch,Electronics
CAM041,Premium Picks,CR001,Aarav Mehta,Lifestyle,2026-06-08,Home,4149,192,16,15,223,REF00315,Instagram,2026-06-08 07:00:00,106,CUST3317,TXN00315,2026-06-16 00:00:00,7,6,1,16368.48,Wireless Earbuds,Electronics
CAM017,Weekend Flash,CR004,Isha Verma,Beauty,2026-06-03,Travel,5892,236,18,27,281,REF00316,Instagram,2026-06-03 04:00:00,94,CUST9810,TXN00316,2026-06-12 00:00:00,7,7,0,33243.85,Sneakers,Fashion
CAM048,Spring Refresh,CR008,Sara Khan,Food,2026-05-22,Fitness,8059,311,24,16,351,REF00317,Google,2026-05-22 11:00:00,278,CUST9026,TXN00317,2026-05-23 00:00:00,8,6,2,22239.45,Smartwatch,Electronics
CAM003,New Collection,CR005,Vihaan Patel,Fitness,2026-03-07,Electronics,7913,395,26,29,450,REF00318,Instagram,2026-03-07 18:00:00,184,CUST7635,TXN00318,2026-03-15 00:00:00,16,12,4,77030.36,Coffee Maker,Home
CAM004,Holiday Offers,CR012,Kavya Iyer,Fashion,2026-05-16,Fitness,9681,385,38,44,467,REF00319,TikTok,2026-05-16 16:00:00,243,CUST5024,TXN00319,2026-05-19 00:00:00,4,3,1,12842.39,Protein Powder,Fitness
CAM049,Monsoon Sale,CR008,Sara Khan,Food,2026-01-28,Beauty,5584,189,29,13,231,REF00320,Email,2026-01-28 17:00:00,179,CUST4254,TXN00320,2026-02-02 00:00:00,12,11,1,21640.66,Sneakers,Fashion
CAM012,Mega Savings,CR010,Diya Joshi,Lifestyle,2026-01-24,Travel,4078,175,12,19,206,REF00321,YouTube,2026-01-24 21:00:00,118,CUST5429,TXN00321,2026-01-28 00:00:00,10,9,1,19265.68,Protein Powder,Fitness
CAM022,Product Launch,CR001,Aarav Mehta,Lifestyle,2026-05-13,Home,7473,354,54,37,445,REF00322,Email,2026-05-13 14:00:00,238,CUST4459,TXN00322,2026-05-18 00:00:00,15,14,1,48478.65,Gaming Headset,Gaming
CAM042,Back to College,CR007,Kabir Singh,Gaming,2026-06-22,Fashion,5795,258,39,15,312,REF00323,Email,2026-06-22 14:00:00,170,CUST7446,TXN00323,2026-06-23 00:00:00,12,9,3,17376.35,Protein Powder,Fitness
CAM021,Spring Refresh,CR003,Rohan Kapoor,Tech,2026-04-21,Home,3702,141,12,10,163,REF00324,Instagram,2026-04-21 04:00:00,106,CUST5889,TXN00324,2026-04-26 00:00:00,3,3,0,4728.8,Protein Powder,Fitness
CAM030,Creator Spotlight,CR006,Meera Nair,Travel,2026-06-25,Electronics,6806,227,16,15,258,REF00325,TikTok,2026-06-25 05:00:00,183,CUST7837,TXN00325,2026-07-02 00:00:00,7,5,2,28907.28,Sneakers,Fashion
CAM029,Back to College,CR004,Isha Verma,Beauty,2026-04-11,Food,7560,278,38,26,342,REF00326,Instagram,2026-04-11 18:00:00,133,CUST8871,TXN00326,2026-04-19 00:00:00,11,9,2,51603.24,Smartwatch,Electronics
CAM023,Mega Savings,CR010,Diya Joshi,Lifestyle,2026-06-12,Home,8316,356,23,40,419,REF00327,Instagram,2026-06-12 12:00:00,197,CUST2778,TXN00327,2026-06-19 00:00:00,8,7,1,15160.0,Travel Backpack,Travel
CAM032,Festive Picks,CR008,Sara Khan,Food,2026-01-06,Gaming,4833,219,16,26,261,REF00328,Google,2026-01-06 15:00:00,127,CUST4586,TXN00328,2026-01-12 00:00:00,8,8,0,27922.18,Protein Powder,Fitness
CAM008,Festive Picks,CR004,Isha Verma,Beauty,2026-01-13,Home,5924,188,25,19,232,REF00329,Email,2026-01-13 09:00:00,230,CUST2001,TXN00329,2026-01-19 00:00:00,16,15,1,42446.72,Travel Backpack,Travel
CAM058,Premium Picks,CR009,Arjun Rao,Finance,2026-01-27,Fitness,23072,1165,191,86,1442,REF00330,Facebook,2026-01-27 06:00:00,589,CUST4462,TXN00330,2026-02-02 00:00:00,35,30,5,118202.67,Sneakers,Fashion
CAM029,Holiday Offers,CR009,Arjun Rao,Finance,2026-01-22,Fashion,8966,165,11,8,184,REF00331,YouTube,2026-01-22 14:00:00,200,CUST5938,TXN00331,2026-01-29 00:00:00,13,9,4,55380.73,Smartwatch,Electronics
CAM056,Back to College,CR002,Ananya Sharma,Fashion,2026-01-29,Fashion,8992,471,66,49,586,REF00332,TikTok,2026-01-29 10:00:00,319,CUST3705,TXN00332,2026-02-05 00:00:00,15,13,2,63430.26,Sneakers,Fashion
CAM018,Mega Savings,CR012,Kavya Iyer,Fashion,2026-06-25,Fitness,5478,275,17,24,316,REF00333,YouTube,2026-06-25 09:00:00,154,CUST2155,TXN00333,2026-06-28 00:00:00,7,5,2,28198.97,Sneakers,Fashion
CAM019,Festive Picks,CR002,Ananya Sharma,Fashion,2026-04-30,Travel,10775,349,24,43,416,REF00334,YouTube,2026-04-30 08:00:00,231,CUST7399,TXN00334,2026-05-09 00:00:00,5,4,1,9737.56,Wireless Earbuds,Electronics
CAM051,Weekend Flash,CR003,Rohan Kapoor,Tech,2026-05-25,Gaming,4748,213,21,11,245,REF00335,YouTube,2026-05-25 16:00:00,228,CUST3525,TXN00335,2026-05-30 00:00:00,23,17,6,37951.76,Protein Powder,Fitness
CAM038,Back to College,CR011,Aditya Deshmukh,Tech,2026-03-26,Travel,7450,279,45,29,353,REF00336,Google,2026-03-26 13:00:00,317,CUST4062,TXN00336,2026-04-02 00:00:00,12,10,2,55308.81,Coffee Maker,Home
CAM041,Holiday Offers,CR006,Meera Nair,Travel,2026-06-15,Fitness,6923,284,29,18,331,REF00337,Facebook,2026-06-15 19:00:00,184,CUST5557,TXN00337,2026-06-19 00:00:00,8,8,0,34365.72,Gaming Headset,Gaming
CAM006,Premium Picks,CR006,Meera Nair,Travel,2026-03-31,Electronics,5062,219,19,20,258,REF00338,YouTube,2026-03-31 11:00:00,100,CUST2664,TXN00338,2026-04-01 00:00:00,8,8,0,9372.33,Travel Backpack,Travel
CAM047,Premium Picks,CR006,Meera Nair,Travel,2026-04-28,Fashion,11063,412,53,24,489,REF00339,Facebook,2026-04-28 07:00:00,295,CUST5931,TXN00339,2026-05-03 00:00:00,14,14,0,27478.82,Skincare Kit,Beauty
CAM041,Product Launch,CR010,Diya Joshi,Lifestyle,2026-02-11,Electronics,15114,597,79,65,741,REF00340,Instagram,2026-02-11 22:00:00,214,CUST9404,TXN00340,2026-02-12 00:00:00,17,16,1,58906.33,Wireless Earbuds,Electronics
CAM035,Spring Refresh,CR008,Sara Khan,Food,2026-03-17,Gaming,7066,160,17,18,195,REF00341,TikTok,2026-03-17 02:00:00,212,CUST1335,TXN00341,2026-03-22 00:00:00,5,5,0,15829.77,Wireless Earbuds,Electronics
CAM021,Back to College,CR006,Meera Nair,Travel,2026-01-02,Fashion,17112,410,53,26,489,REF00342,Facebook,2026-01-02 12:00:00,288,CUST3755,TXN00342,2026-01-09 00:00:00,13,12,1,44207.89,Coffee Maker,Home
CAM004,New Collection,CR010,Diya Joshi,Lifestyle,2026-06-29,Beauty,5263,187,23,20,230,REF00343,YouTube,2026-06-29 03:00:00,133,CUST4182,TXN00343,2026-07-07 00:00:00,8,8,0,9360.76,Travel Backpack,Travel
CAM038,Mega Savings,CR004,Isha Verma,Beauty,2026-03-13,Fashion,3344,118,16,9,143,REF00344,Direct,2026-03-13 01:00:00,69,CUST1797,TXN00344,2026-03-21 00:00:00,7,6,1,45317.91,Smartwatch,Electronics
CAM041,Premium Picks,CR012,Kavya Iyer,Fashion,2026-02-08,Travel,5571,192,21,22,235,REF00345,Instagram,2026-02-08 14:00:00,172,CUST7269,TXN00345,2026-02-14 00:00:00,11,8,3,48369.83,Gaming Headset,Gaming
CAM018,Creator Spotlight,CR001,Aarav Mehta,Lifestyle,2026-02-27,Fitness,4997,271,32,15,318,REF00346,Email,2026-02-27 18:00:00,128,CUST3532,TXN00346,2026-03-05 00:00:00,16,13,3,76014.28,Coffee Maker,Home
CAM002,New Collection,CR011,Aditya Deshmukh,Tech,2026-01-23,Fitness,3554,190,19,17,226,REF00347,YouTube,2026-01-23 15:00:00,97,CUST1923,TXN00347,2026-01-26 00:00:00,6,5,1,16161.07,Smartwatch,Electronics
CAM010,Back to College,CR011,Aditya Deshmukh,Tech,2026-05-24,Home,6042,294,30,26,350,REF00348,Instagram,2026-05-24 15:00:00,169,CUST1796,TXN00348,2026-05-30 00:00:00,6,6,0,28475.02,Gaming Headset,Gaming
CAM022,Monsoon Sale,CR011,Aditya Deshmukh,Tech,2026-05-05,Beauty,5619,255,26,22,303,REF00349,Facebook,2026-05-05 17:00:00,89,CUST7616,TXN00349,2026-05-14 00:00:00,10,10,0,18163.46,Protein Powder,Fitness
CAM024,Festive Picks,CR002,Ananya Sharma,Fashion,2026-02-24,Electronics,3131,126,11,9,146,REF00350,Email,2026-02-24 13:00:00,115,CUST6863,TXN00350,2026-03-02 00:00:00,9,7,2,39512.76,Gaming Headset,Gaming
CAM055,Monsoon Sale,CR002,Ananya Sharma,Fashion,2026-02-14,Fitness,11261,579,56,43,678,REF00351,TikTok,2026-02-14 20:00:00,364,CUST2332,TXN00351,2026-02-21 00:00:00,24,20,4,72802.53,Protein Powder,Fitness
CAM036,New Collection,CR003,Rohan Kapoor,Tech,2026-06-15,Beauty,7024,265,33,27,325,REF00352,Google,2026-06-15 11:00:00,139,CUST9459,TXN00352,2026-06-16 00:00:00,13,12,1,64807.33,Gaming Headset,Gaming
CAM053,Creator Spotlight,CR003,Rohan Kapoor,Tech,2026-01-19,Gaming,6928,217,25,26,268,REF00353,Instagram,2026-01-19 02:00:00,137,CUST7956,TXN00353,2026-01-24 00:00:00,7,7,0,20351.58,Protein Powder,Fitness
CAM004,Monsoon Sale,CR001,Aarav Mehta,Lifestyle,2026-02-01,Fashion,9770,409,60,29,498,REF00354,Instagram,2026-02-01 07:00:00,203,CUST8280,TXN00354,2026-02-08 00:00:00,10,9,1,8934.48,Skincare Kit,Beauty
CAM015,Monsoon Sale,CR011,Aditya Deshmukh,Tech,2026-05-25,Fitness,4502,198,18,15,231,REF00355,Instagram,2026-05-25 05:00:00,83,CUST1236,TXN00355,2026-05-31 00:00:00,1,1,0,4496.03,Coffee Maker,Home
CAM011,Weekend Flash,CR001,Aarav Mehta,Lifestyle,2026-04-10,Travel,14819,766,77,82,925,REF00356,Instagram,2026-04-10 21:00:00,493,CUST1287,TXN00356,2026-04-15 00:00:00,20,17,3,66101.03,Coffee Maker,Home
CAM003,Mega Savings,CR011,Aditya Deshmukh,Tech,2026-01-08,Food,11002,369,24,37,430,REF00357,Instagram,2026-01-08 15:00:00,209,CUST3178,TXN00357,2026-01-13 00:00:00,8,7,1,34959.89,Smartwatch,Electronics
CAM018,Monsoon Sale,CR001,Aarav Mehta,Lifestyle,2026-04-27,Gaming,4533,140,18,8,166,REF00358,Facebook,2026-04-27 14:00:00,113,,,,0,0,0,0.0,Sneakers,Fashion
CAM008,Back to College,CR002,Ananya Sharma,Fashion,2026-02-21,Home,13944,597,41,39,677,REF00359,Google,2026-02-21 01:00:00,321,CUST1399,TXN00359,2026-02-25 00:00:00,17,13,4,44702.2,Travel Backpack,Travel
CAM028,Monsoon Sale,CR012,Kavya Iyer,Fashion,2026-04-01,Fashion,7841,410,47,24,481,REF00360,Facebook,2026-04-01 11:00:00,195,CUST1786,TXN00360,2026-04-08 00:00:00,9,8,1,22848.44,Sneakers,Fashion
CAM009,Summer Launch,CR010,Diya Joshi,Lifestyle,2026-06-28,Travel,6325,202,28,22,252,REF00361,Facebook,2026-06-28 03:00:00,242,CUST6486,TXN00361,2026-06-29 00:00:00,5,5,0,31614.44,Smartwatch,Electronics
CAM031,Premium Picks,CR009,Arjun Rao,Finance,2026-01-25,Travel,5684,360,25,25,410,REF00362,Google,2026-01-25 20:00:00,199,CUST1543,TXN00362,2026-02-02 00:00:00,10,7,3,41333.9,Coffee Maker,Home
CAM021,Product Launch,CR009,Arjun Rao,Finance,2026-05-24,Electronics,8634,414,51,41,506,REF00363,Google,2026-05-24 13:00:00,300,CUST5268,TXN00363,2026-05-29 00:00:00,23,21,2,53626.22,Wireless Earbuds,Electronics
CAM043,Spring Refresh,CR007,Kabir Singh,Gaming,2026-01-03,Electronics,4509,193,14,12,219,REF00364,Email,2026-01-03 14:00:00,129,CUST8443,TXN00364,2026-01-07 00:00:00,5,4,1,9637.19,Coffee Maker,Home
CAM002,Spring Refresh,CR009,Arjun Rao,Finance,2026-01-26,Fashion,10014,382,50,34,466,REF00365,Email,2026-01-26 04:00:00,333,CUST1068,TXN00365,2026-01-28 00:00:00,25,20,5,30226.27,Skincare Kit,Beauty
CAM023,Monsoon Sale,CR012,Kavya Iyer,Fashion,2026-02-01,Travel,3755,182,13,9,204,REF00366,YouTube,2026-02-01 18:00:00,126,CUST7762,TXN00366,2026-02-06 00:00:00,9,5,4,38235.82,Coffee Maker,Home
CAM039,Product Launch,CR003,Rohan Kapoor,Tech,2026-03-17,Gaming,6271,260,20,27,307,REF00367,Instagram,2026-03-17 20:00:00,172,CUST1530,TXN00367,2026-03-19 00:00:00,13,12,1,25309.75,Skincare Kit,Beauty
CAM007,Back to College,CR008,Sara Khan,Food,2026-04-05,Fitness,10777,602,57,71,730,REF00368,Direct,2026-04-05 04:00:00,249,CUST7639,TXN00368,2026-04-10 00:00:00,9,8,1,14978.46,Skincare Kit,Beauty
CAM047,Festive Picks,CR001,Aarav Mehta,Lifestyle,2026-05-25,Beauty,3521,154,19,14,187,REF00369,Instagram,2026-05-25 01:00:00,80,CUST7576,TXN00369,2026-05-26 00:00:00,5,3,2,10862.77,Skincare Kit,Beauty
CAM035,Holiday Offers,CR001,Aarav Mehta,Lifestyle,2026-06-19,Home,6443,232,26,15,273,REF00370,Instagram,2026-06-19 01:00:00,182,CUST6744,TXN00370,2026-06-25 00:00:00,9,8,1,35951.87,Coffee Maker,Home
CAM016,Summer Launch,CR001,Aarav Mehta,Lifestyle,2026-01-15,Food,4354,240,31,18,289,REF00371,Instagram,2026-01-15 14:00:00,143,CUST6312,TXN00371,2026-01-19 00:00:00,10,9,1,38814.0,Sneakers,Fashion
CAM002,Spring Refresh,CR008,Sara Khan,Food,2026-01-12,Fitness,3421,170,11,9,190,REF00372,Instagram,2026-01-12 19:00:00,83,CUST1777,TXN00372,2026-01-16 00:00:00,3,2,1,7121.14,Travel Backpack,Travel
CAM005,Summer Launch,CR007,Kabir Singh,Gaming,2026-06-03,Beauty,9432,395,40,26,461,REF00373,YouTube,2026-06-03 02:00:00,260,CUST1543,TXN00373,2026-06-08 00:00:00,11,11,0,10630.37,Skincare Kit,Beauty
CAM017,Product Launch,CR007,Kabir Singh,Gaming,2026-02-15,Food,9060,415,28,33,476,REF00374,Google,2026-02-15 11:00:00,172,CUST3965,TXN00374,2026-02-16 00:00:00,17,13,4,49942.9,Sneakers,Fashion
CAM055,Mega Savings,CR012,Kavya Iyer,Fashion,2026-03-03,Fitness,5102,168,25,14,207,REF00375,YouTube,2026-03-03 08:00:00,162,CUST5286,TXN00375,2026-03-09 00:00:00,12,11,1,44626.39,Sneakers,Fashion
CAM036,Premium Picks,CR001,Aarav Mehta,Lifestyle,2026-06-13,Fitness,2772,122,9,6,137,REF00376,Google,2026-06-13 11:00:00,89,CUST4243,TXN00376,2026-06-15 00:00:00,1,1,0,2493.14,Travel Backpack,Travel
CAM012,Holiday Offers,CR011,Aditya Deshmukh,Tech,2026-05-30,Gaming,3365,142,12,14,168,REF00377,YouTube,2026-05-30 07:00:00,94,CUST7234,TXN00377,2026-06-06 00:00:00,3,2,1,3634.32,Skincare Kit,Beauty
CAM035,Monsoon Sale,CR009,Arjun Rao,Finance,2026-01-08,Fashion,2524,133,13,16,162,REF00378,Facebook,2026-01-08 03:00:00,80,CUST6172,TXN00378,2026-01-16 00:00:00,4,4,0,7601.18,Coffee Maker,Home
CAM037,Festive Picks,CR007,Kabir Singh,Gaming,2026-01-03,Electronics,4684,128,13,8,149,REF00379,Instagram,2026-01-03 16:00:00,128,,,,0,0,0,0.0,Travel Backpack,Travel
CAM018,Summer Launch,CR010,Diya Joshi,Lifestyle,2026-05-19,Electronics,8839,252,20,13,285,REF00380,Facebook,2026-05-19 11:00:00,203,CUST4353,TXN00380,2026-05-20 00:00:00,16,14,2,39354.92,Wireless Earbuds,Electronics
CAM042,Festive Picks,CR012,Kavya Iyer,Fashion,2026-02-24,Gaming,8104,271,19,16,306,REF00381,Instagram,2026-02-24 19:00:00,162,CUST2449,TXN00381,2026-02-27 00:00:00,13,10,3,24930.64,Protein Powder,Fitness
CAM022,Back to College,CR006,Meera Nair,Travel,2026-01-18,Fashion,4036,137,15,15,167,REF00382,YouTube,2026-01-18 02:00:00,139,CUST1935,TXN00382,2026-01-20 00:00:00,10,9,1,43724.66,Wireless Earbuds,Electronics
CAM011,Monsoon Sale,CR005,Vihaan Patel,Fitness,2026-05-24,Food,6536,228,34,31,293,REF00383,Instagram,2026-05-24 13:00:00,181,CUST5241,TXN00383,2026-06-01 00:00:00,4,4,0,12920.3,Gaming Headset,Gaming
CAM044,Monsoon Sale,CR007,Kabir Singh,Gaming,2026-04-24,Travel,9577,316,31,39,386,REF00384,Facebook,2026-04-24 20:00:00,143,CUST5121,TXN00384,2026-04-25 00:00:00,8,5,3,18974.85,Travel Backpack,Travel
CAM007,Festive Picks,CR012,Kavya Iyer,Fashion,2026-03-10,Gaming,13324,595,55,42,692,REF00385,Instagram,2026-03-10 20:00:00,305,CUST8680,TXN00385,2026-03-11 00:00:00,20,18,2,43343.03,Protein Powder,Fitness
CAM006,Festive Picks,CR008,Sara Khan,Food,2026-01-31,Gaming,5296,196,19,13,228,REF00386,Instagram,2026-01-31 08:00:00,137,CUST9800,TXN00386,2026-02-05 00:00:00,10,9,1,10458.07,Skincare Kit,Beauty
CAM027,Spring Refresh,CR009,Arjun Rao,Finance,2026-01-07,Gaming,12521,722,84,81,887,REF00387,Instagram,2026-01-07 04:00:00,307,CUST2120,TXN00387,2026-01-09 00:00:00,20,15,5,61136.2,Coffee Maker,Home
CAM016,Weekend Flash,CR010,Diya Joshi,Lifestyle,2026-04-08,Travel,5795,183,16,10,209,REF00388,YouTube,2026-04-08 02:00:00,114,CUST7896,TXN00388,2026-04-11 00:00:00,8,6,2,35787.14,Smartwatch,Electronics
CAM017,Monsoon Sale,CR010,Diya Joshi,Lifestyle,2026-05-25,Fitness,3354,123,13,10,146,REF00389,Google,2026-05-25 01:00:00,84,CUST9014,TXN00389,2026-05-30 00:00:00,5,5,0,9312.9,Travel Backpack,Travel
CAM035,Festive Picks,CR002,Ananya Sharma,Fashion,2026-04-03,Fitness,4620,242,24,26,292,REF00390,Google,2026-04-03 16:00:00,111,CUST2974,TXN00390,2026-04-06 00:00:00,7,7,0,13253.23,Wireless Earbuds,Electronics
CAM060,Back to College,CR008,Sara Khan,Food,2026-05-05,Fitness,4258,231,17,19,267,REF00391,Email,2026-05-05 03:00:00,118,CUST3525,TXN00391,2026-05-07 00:00:00,4,4,0,9206.17,Sneakers,Fashion
CAM034,Mega Savings,CR008,Sara Khan,Food,2026-05-17,Fitness,6873,287,21,27,335,REF00392,Email,2026-05-17 15:00:00,194,CUST3858,TXN00392,2026-05-26 00:00:00,12,8,4,58204.1,Coffee Maker,Home
CAM052,New Collection,CR010,Diya Joshi,Lifestyle,2026-05-25,Fashion,5407,254,21,17,292,REF00393,Direct,2026-05-25 18:00:00,164,CUST4588,TXN00393,2026-05-27 00:00:00,11,9,2,40344.55,Gaming Headset,Gaming
CAM052,Premium Picks,CR009,Arjun Rao,Finance,2026-04-03,Beauty,8249,374,23,43,440,REF00394,YouTube,2026-04-03 21:00:00,205,CUST1638,TXN00394,2026-04-12 00:00:00,15,11,4,56518.8,Coffee Maker,Home
CAM033,Weekend Flash,CR007,Kabir Singh,Gaming,2026-02-10,Home,7693,295,34,38,367,REF00395,Facebook,2026-02-10 08:00:00,276,CUST4581,TXN00395,2026-02-14 00:00:00,22,19,3,91028.51,Coffee Maker,Home
CAM015,Mega Savings,CR011,Aditya Deshmukh,Tech,2026-05-17,Electronics,13634,486,72,46,604,REF00396,Instagram,2026-05-17 06:00:00,268,CUST2855,TXN00396,2026-05-25 00:00:00,15,12,3,51275.03,Coffee Maker,Home
CAM033,Creator Spotlight,CR012,Kavya Iyer,Fashion,2026-01-29,Beauty,5083,183,30,17,230,REF00397,Instagram,2026-01-29 21:00:00,110,CUST3161,TXN00397,2026-02-05 00:00:00,4,3,1,17795.72,Coffee Maker,Home
CAM054,Mega Savings,CR002,Ananya Sharma,Fashion,2026-06-10,Gaming,9686,295,24,19,338,REF00398,Google,2026-06-10 14:00:00,182,CUST8985,TXN00398,2026-06-15 00:00:00,10,7,3,41071.73,Sneakers,Fashion
CAM007,Back to College,CR004,Isha Verma,Beauty,2026-04-24,Food,2864,131,13,16,160,REF00399,Instagram,2026-04-24 18:00:00,70,CUST6572,TXN00399,2026-04-27 00:00:00,2,2,0,2063.77,Skincare Kit,Beauty
CAM013,Festive Picks,CR007,Kabir Singh,Gaming,2026-05-08,Food,9741,301,25,26,352,REF00400,Email,2026-05-08 13:00:00,329,CUST3183,TXN00400,2026-05-12 00:00:00,17,14,3,61040.36,Sneakers,Fashion
CAM041,Mega Savings,CR001,Aarav Mehta,Lifestyle,2026-06-17,Fitness,5413,237,24,19,280,REF00401,Facebook,2026-06-17 16:00:00,109,CUST7457,TXN00401,2026-06-21 00:00:00,5,4,1,18280.47,Sneakers,Fashion
CAM049,Creator Spotlight,CR006,Meera Nair,Travel,2026-06-02,Travel,8432,362,26,46,434,REF00402,YouTube,2026-06-02 23:00:00,163,CUST9944,TXN00402,2026-06-08 00:00:00,9,8,1,28272.49,Wireless Earbuds,Electronics
CAM048,Creator Spotlight,CR003,Rohan Kapoor,Tech,2026-06-05,Beauty,8722,444,36,25,505,REF00403,YouTube,2026-06-05 05:00:00,307,CUST9071,TXN00403,2026-06-14 00:00:00,11,9,2,27335.21,Sneakers,Fashion
CAM035,Premium Picks,CR009,Arjun Rao,Finance,2026-02-08,Home,7280,164,12,14,190,REF00404,YouTube,2026-02-08 18:00:00,166,CUST7175,TXN00404,2026-02-10 00:00:00,6,6,0,8608.54,Skincare Kit,Beauty
CAM046,Back to College,CR010,Diya Joshi,Lifestyle,2026-06-05,Fashion,13906,707,62,65,834,REF00405,Instagram,2026-06-05 14:00:00,283,CUST8380,TXN00405,2026-06-13 00:00:00,26,23,3,81926.1,Protein Powder,Fitness
CAM038,Summer Launch,CR001,Aarav Mehta,Lifestyle,2026-01-21,Home,8552,498,48,52,598,REF00406,YouTube,2026-01-21 15:00:00,297,CUST2585,TXN00406,2026-01-27 00:00:00,28,24,4,120321.02,Wireless Earbuds,Electronics
CAM057,New Collection,CR003,Rohan Kapoor,Tech,2026-01-31,Home,5995,244,22,25,291,REF00407,Email,2026-01-31 06:00:00,223,CUST3249,TXN00407,2026-02-08 00:00:00,15,14,1,58084.71,Wireless Earbuds,Electronics
CAM056,Product Launch,CR012,Kavya Iyer,Fashion,2026-01-12,Electronics,9509,367,43,31,441,REF00408,Direct,2026-01-12 10:00:00,201,CUST2503,TXN00408,2026-01-20 00:00:00,10,9,1,35779.22,Gaming Headset,Gaming
CAM060,Creator Spotlight,CR012,Kavya Iyer,Fashion,2026-05-17,Food,5850,200,13,17,230,REF00409,YouTube,2026-05-17 07:00:00,156,CUST9985,TXN00409,2026-05-24 00:00:00,12,11,1,74495.09,Smartwatch,Electronics
CAM025,New Collection,CR008,Sara Khan,Food,2026-02-21,Beauty,4721,157,15,9,181,REF00410,Instagram,2026-02-21 21:00:00,142,CUST8903,TXN00410,2026-02-28 00:00:00,9,8,1,10814.72,Skincare Kit,Beauty
CAM050,Monsoon Sale,CR010,Diya Joshi,Lifestyle,2026-05-08,Beauty,7753,374,58,42,474,REF00411,Facebook,2026-05-08 18:00:00,195,CUST8295,TXN00411,2026-05-12 00:00:00,6,6,0,6761.19,Skincare Kit,Beauty
CAM043,Festive Picks,CR001,Aarav Mehta,Lifestyle,2026-01-14,Fashion,5701,232,28,21,281,REF00412,Instagram,2026-01-14 02:00:00,138,CUST3978,TXN00412,2026-01-22 00:00:00,6,4,2,25332.84,Sneakers,Fashion
CAM056,Back to College,CR005,Vihaan Patel,Fitness,2026-03-24,Gaming,5116,244,27,17,288,REF00413,Direct,2026-03-24 21:00:00,152,CUST2684,TXN00413,2026-03-26 00:00:00,3,2,1,3197.23,Skincare Kit,Beauty
CAM014,Summer Launch,CR012,Kavya Iyer,Fashion,2026-02-12,Beauty,5185,229,23,13,265,REF00414,YouTube,2026-02-12 16:00:00,219,CUST9156,TXN00414,2026-02-13 00:00:00,8,8,0,17365.25,Gaming Headset,Gaming
CAM039,Spring Refresh,CR011,Aditya Deshmukh,Tech,2026-03-19,Home,5573,235,24,19,278,REF00415,Direct,2026-03-19 22:00:00,129,CUST1754,TXN00415,2026-03-27 00:00:00,10,9,1,24823.71,Travel Backpack,Travel
CAM016,Festive Picks,CR005,Vihaan Patel,Fitness,2026-01-31,Fashion,2500,92,8,9,109,REF00416,TikTok,2026-01-31 19:00:00,47,CUST5122,TXN00416,2026-02-06 00:00:00,1,1,0,2160.25,Protein Powder,Fitness
CAM002,Festive Picks,CR007,Kabir Singh,Gaming,2026-01-27,Beauty,6620,324,43,28,395,REF00417,Instagram,2026-01-27 04:00:00,194,CUST8250,TXN00417,2026-02-03 00:00:00,9,8,1,10089.45,Skincare Kit,Beauty
CAM038,Festive Picks,CR009,Arjun Rao,Finance,2026-03-07,Electronics,6748,359,41,26,426,REF00418,Facebook,2026-03-07 15:00:00,178,CUST8701,TXN00418,2026-03-16 00:00:00,9,6,3,33125.24,Coffee Maker,Home
CAM055,Monsoon Sale,CR006,Meera Nair,Travel,2026-03-13,Fashion,7773,437,52,35,524,REF00419,Google,2026-03-13 02:00:00,292,CUST6287,TXN00419,2026-03-22 00:00:00,9,8,1,18464.97,Skincare Kit,Beauty
CAM059,New Collection,CR008,Sara Khan,Food,2026-04-01,Food,5709,281,17,13,311,REF00420,Instagram,2026-04-01 18:00:00,115,CUST2706,TXN00420,2026-04-02 00:00:00,10,8,2,28446.99,Gaming Headset,Gaming
CAM042,Back to College,CR001,Aarav Mehta,Lifestyle,2026-06-18,Home,8766,383,57,49,489,REF00421,TikTok,2026-06-18 18:00:00,246,CUST2428,TXN00421,2026-06-23 00:00:00,3,3,0,7107.5,Wireless Earbuds,Electronics
CAM006,Back to College,CR001,Aarav Mehta,Lifestyle,2026-06-19,Travel,11694,556,66,56,678,REF00422,Instagram,2026-06-19 22:00:00,362,CUST5062,TXN00422,2026-06-26 00:00:00,24,18,6,79489.49,Wireless Earbuds,Electronics
CAM025,Holiday Offers,CR004,Isha Verma,Beauty,2026-01-04,Food,11100,614,75,61,750,REF00423,Google,2026-01-04 16:00:00,268,CUST5467,TXN00423,2026-01-05 00:00:00,8,7,1,11031.51,Skincare Kit,Beauty
CAM060,Spring Refresh,CR011,Aditya Deshmukh,Tech,2026-02-22,Electronics,2500,98,8,9,115,REF00424,Facebook,2026-02-22 12:00:00,69,CUST3475,TXN00424,2026-02-27 00:00:00,7,6,1,12775.84,Travel Backpack,Travel
CAM004,Holiday Offers,CR004,Isha Verma,Beauty,2026-03-16,Fashion,3107,157,25,16,198,REF00425,TikTok,2026-03-16 17:00:00,59,CUST8978,TXN00425,2026-03-19 00:00:00,4,2,2,8177.81,Wireless Earbuds,Electronics
CAM026,Summer Launch,CR003,Rohan Kapoor,Tech,2026-05-19,Electronics,3861,199,28,20,247,REF00426,Google,2026-05-19 08:00:00,143,CUST6423,TXN00426,2026-05-27 00:00:00,6,5,1,10399.44,Skincare Kit,Beauty
CAM013,Spring Refresh,CR012,Kavya Iyer,Fashion,2026-04-05,Electronics,9483,288,27,39,354,REF00427,Email,2026-04-05 02:00:00,195,CUST4696,TXN00427,2026-04-13 00:00:00,16,11,5,18538.97,Travel Backpack,Travel
CAM037,Mega Savings,CR003,Rohan Kapoor,Tech,2026-05-21,Fashion,11219,422,51,51,524,REF00428,Instagram,2026-05-21 09:00:00,382,CUST2285,TXN00428,2026-05-25 00:00:00,21,17,4,44505.63,Skincare Kit,Beauty
CAM037,Festive Picks,CR002,Ananya Sharma,Fashion,2026-06-09,Fitness,5417,196,21,10,227,REF00429,Google,2026-06-09 21:00:00,167,CUST4899,TXN00429,2026-06-17 00:00:00,8,6,2,21563.22,Protein Powder,Fitness
CAM036,Spring Refresh,CR008,Sara Khan,Food,2026-06-11,Travel,7690,267,30,23,320,REF00430,Instagram,2026-06-11 06:00:00,272,CUST4835,TXN00430,2026-06-18 00:00:00,16,10,6,32875.73,Gaming Headset,Gaming
CAM021,Festive Picks,CR004,Isha Verma,Beauty,2026-01-20,Fitness,4522,190,17,21,228,REF00431,Instagram,2026-01-20 08:00:00,152,CUST9951,TXN00431,2026-01-22 00:00:00,8,7,1,30755.81,Coffee Maker,Home
CAM050,Spring Refresh,CR002,Ananya Sharma,Fashion,2026-04-16,Electronics,3454,204,33,25,262,REF00432,Instagram,2026-04-16 15:00:00,125,CUST7325,TXN00432,2026-04-21 00:00:00,5,4,1,19832.21,Sneakers,Fashion
CAM045,New Collection,CR004,Isha Verma,Beauty,2026-04-30,Home,4073,149,12,9,170,REF00433,YouTube,2026-04-30 16:00:00,92,CUST2224,TXN00433,2026-05-07 00:00:00,5,4,1,8443.29,Travel Backpack,Travel
CAM011,Festive Picks,CR009,Arjun Rao,Finance,2026-01-25,Travel,10701,401,41,48,490,REF00434,Email,2026-01-25 01:00:00,345,CUST1119,TXN00434,2026-01-29 00:00:00,19,18,1,35657.24,Skincare Kit,Beauty
CAM009,New Collection,CR006,Meera Nair,Travel,2026-01-10,Fashion,11313,379,43,44,466,REF00435,Email,2026-01-10 06:00:00,217,CUST6958,TXN00435,2026-01-11 00:00:00,8,8,0,38769.72,Smartwatch,Electronics
CAM009,New Collection,CR006,Meera Nair,Travel,2026-03-03,Fitness,8146,271,36,20,327,REF00436,Email,2026-03-03 22:00:00,234,CUST1371,TXN00436,2026-03-10 00:00:00,10,8,2,53450.49,Smartwatch,Electronics
CAM054,Holiday Offers,CR001,Aarav Mehta,Lifestyle,2026-05-29,Electronics,2869,143,23,13,179,REF00437,Instagram,2026-05-29 14:00:00,99,CUST3755,TXN00437,2026-06-06 00:00:00,7,6,1,16110.28,Wireless Earbuds,Electronics
CAM056,New Collection,CR007,Kabir Singh,Gaming,2026-05-03,Food,8840,549,73,62,684,REF00438,Email,2026-05-03 23:00:00,257,CUST6608,TXN00438,2026-05-04 00:00:00,14,12,2,61090.86,Sneakers,Fashion
CAM024,Mega Savings,CR012,Kavya Iyer,Fashion,2026-04-13,Electronics,4431,195,27,14,236,REF00439,Google,2026-04-13 09:00:00,129,CUST4782,TXN00439,2026-04-21 00:00:00,8,8,0,32640.56,Wireless Earbuds,Electronics
CAM039,Premium Picks,CR007,Kabir Singh,Gaming,2026-06-25,Electronics,5215,158,21,18,197,REF00440,Instagram,2026-06-25 04:00:00,140,CUST7313,TXN00440,2026-06-30 00:00:00,8,7,1,25854.8,Smartwatch,Electronics
CAM004,Weekend Flash,CR007,Kabir Singh,Gaming,2026-02-24,Food,7079,284,23,19,326,REF00441,TikTok,2026-02-24 17:00:00,170,CUST7473,TXN00441,2026-02-26 00:00:00,3,3,0,5688.3,Skincare Kit,Beauty
CAM045,New Collection,CR006,Meera Nair,Travel,2026-01-02,Travel,6635,232,27,24,283,REF00442,YouTube,2026-01-02 07:00:00,166,CUST2605,TXN00442,2026-01-10 00:00:00,8,7,1,26367.18,Protein Powder,Fitness
CAM046,Weekend Flash,CR002,Ananya Sharma,Fashion,2026-06-26,Travel,5030,229,29,17,275,REF00443,Instagram,2026-06-26 01:00:00,185,CUST2985,TXN00443,2026-06-30 00:00:00,11,9,2,32472.05,Wireless Earbuds,Electronics
CAM017,Spring Refresh,CR001,Aarav Mehta,Lifestyle,2026-06-14,Food,3210,214,28,27,269,REF00444,YouTube,2026-06-14 20:00:00,138,CUST1945,TXN00444,2026-06-21 00:00:00,3,2,1,10273.05,Protein Powder,Fitness
CAM028,Monsoon Sale,CR001,Aarav Mehta,Lifestyle,2026-05-10,Beauty,5747,293,31,16,340,REF00445,Direct,2026-05-10 08:00:00,163,CUST9287,TXN00445,2026-05-13 00:00:00,6,6,0,12727.53,Protein Powder,Fitness
CAM003,New Collection,CR004,Isha Verma,Beauty,2026-05-10,Gaming,10783,438,33,40,511,REF00446,Instagram,2026-05-10 13:00:00,223,CUST8390,TXN00446,2026-05-19 00:00:00,8,8,0,34576.46,Wireless Earbuds,Electronics
CAM032,Festive Picks,CR009,Arjun Rao,Finance,2026-02-04,Beauty,4526,215,27,12,254,REF00447,Instagram,2026-02-04 20:00:00,90,CUST7106,TXN00447,2026-02-12 00:00:00,3,2,1,6027.54,Travel Backpack,Travel
CAM041,Creator Spotlight,CR001,Aarav Mehta,Lifestyle,2026-02-07,Fashion,16403,917,119,45,1081,REF00448,YouTube,2026-02-07 09:00:00,490,CUST6189,TXN00448,2026-02-11 00:00:00,20,17,3,121812.16,Smartwatch,Electronics
CAM021,Summer Launch,CR004,Isha Verma,Beauty,2026-03-18,Gaming,9384,369,39,35,443,REF00449,TikTok,2026-03-18 13:00:00,285,CUST8520,TXN00449,2026-03-26 00:00:00,16,12,4,55659.44,Gaming Headset,Gaming
CAM052,Mega Savings,CR011,Aditya Deshmukh,Tech,2026-03-02,Gaming,3533,155,16,19,190,REF00450,Instagram,2026-03-02 08:00:00,85,CUST6174,TXN00450,2026-03-09 00:00:00,1,1,0,1467.03,Travel Backpack,Travel
CAM060,Mega Savings,CR009,Arjun Rao,Finance,2026-06-06,Fashion,10075,582,58,46,686,REF00451,Instagram,2026-06-06 07:00:00,388,CUST9022,TXN00451,2026-06-07 00:00:00,13,13,0,27291.46,Wireless Earbuds,Electronics
CAM035,Weekend Flash,CR002,Ananya Sharma,Fashion,2026-06-05,Food,13044,524,63,39,626,REF00452,Instagram,2026-06-05 01:00:00,389,CUST5818,TXN00452,2026-06-09 00:00:00,12,12,0,35256.8,Coffee Maker,Home
CAM006,Holiday Offers,CR004,Isha Verma,Beauty,2026-01-27,Fitness,4472,182,23,21,226,REF00453,Instagram,2026-01-27 11:00:00,96,CUST2262,TXN00453,2026-01-30 00:00:00,4,4,0,9588.47,Gaming Headset,Gaming
CAM043,Premium Picks,CR007,Kabir Singh,Gaming,2026-06-18,Gaming,3872,177,16,16,209,REF00454,YouTube,2026-06-18 01:00:00,92,CUST7131,TXN00454,2026-06-24 00:00:00,7,7,0,14903.76,Skincare Kit,Beauty
CAM027,Creator Spotlight,CR006,Meera Nair,Travel,2026-02-10,Home,5695,239,39,18,296,REF00455,Instagram,2026-02-10 14:00:00,216,CUST7831,TXN00455,2026-02-14 00:00:00,7,6,1,17896.95,Travel Backpack,Travel
CAM035,Weekend Flash,CR003,Rohan Kapoor,Tech,2026-03-19,Food,16678,340,32,20,392,REF00456,Instagram,2026-03-19 04:00:00,262,CUST3570,TXN00456,2026-03-27 00:00:00,6,6,0,25576.7,Smartwatch,Electronics
CAM028,Spring Refresh,CR011,Aditya Deshmukh,Tech,2026-03-12,Travel,9784,336,42,28,406,REF00457,Google,2026-03-12 15:00:00,322,CUST4222,TXN00457,2026-03-21 00:00:00,9,7,2,16460.52,Sneakers,Fashion
CAM012,Creator Spotlight,CR003,Rohan Kapoor,Tech,2026-03-13,Fitness,8463,404,45,47,496,REF00458,Google,2026-03-13 16:00:00,194,CUST6436,TXN00458,2026-03-15 00:00:00,11,9,2,42211.52,Coffee Maker,Home
CAM019,Creator Spotlight,CR004,Isha Verma,Beauty,2026-06-22,Fashion,4357,126,14,8,148,REF00459,YouTube,2026-06-22 03:00:00,115,CUST9155,TXN00459,2026-06-27 00:00:00,7,4,3,26331.27,Gaming Headset,Gaming
CAM043,Mega Savings,CR012,Kavya Iyer,Fashion,2026-01-09,Fitness,11329,581,88,69,738,REF00460,Facebook,2026-01-09 06:00:00,378,CUST6800,TXN00460,2026-01-15 00:00:00,17,15,2,60918.99,Coffee Maker,Home
CAM029,Holiday Offers,CR009,Arjun Rao,Finance,2026-04-07,Gaming,6624,305,38,30,373,REF00461,Facebook,2026-04-07 06:00:00,124,CUST3253,TXN00461,2026-04-13 00:00:00,2,2,0,4992.59,Gaming Headset,Gaming
CAM005,Spring Refresh,CR011,Aditya Deshmukh,Tech,2026-02-04,Electronics,4180,246,17,15,278,REF00462,Facebook,2026-02-04 16:00:00,144,CUST4450,TXN00462,2026-02-08 00:00:00,4,4,0,7113.59,Travel Backpack,Travel
CAM042,Holiday Offers,CR012,Kavya Iyer,Fashion,2026-05-24,Home,4591,165,11,17,193,REF00463,TikTok,2026-05-24 19:00:00,112,CUST7134,TXN00463,2026-06-01 00:00:00,9,7,2,55880.27,Smartwatch,Electronics
CAM010,Spring Refresh,CR001,Aarav Mehta,Lifestyle,2026-06-15,Fitness,9427,291,21,16,328,REF00464,Direct,2026-06-15 10:00:00,192,CUST2001,TXN00464,2026-06-16 00:00:00,13,10,3,14944.23,Skincare Kit,Beauty
CAM029,Monsoon Sale,CR007,Kabir Singh,Gaming,2026-03-29,Electronics,8893,437,58,32,527,REF00465,Instagram,2026-03-29 02:00:00,236,CUST6137,TXN00465,2026-03-30 00:00:00,14,13,1,28700.19,Skincare Kit,Beauty
CAM043,Weekend Flash,CR001,Aarav Mehta,Lifestyle,2026-05-26,Electronics,4478,98,14,7,119,REF00466,Instagram,2026-05-26 06:00:00,106,CUST4148,TXN00466,2026-05-28 00:00:00,4,4,0,13547.2,Smartwatch,Electronics
CAM052,Mega Savings,CR010,Diya Joshi,Lifestyle,2026-04-27,Fashion,5811,289,38,25,352,REF00467,YouTube,2026-04-27 15:00:00,161,CUST1042,TXN00467,2026-04-30 00:00:00,11,10,1,21363.11,Wireless Earbuds,Electronics
CAM024,Creator Spotlight,CR011,Aditya Deshmukh,Tech,2026-05-27,Gaming,5717,168,16,19,203,REF00468,YouTube,2026-05-27 08:00:00,152,CUST7142,TXN00468,2026-06-02 00:00:00,4,4,0,10723.1,Sneakers,Fashion
CAM048,Creator Spotlight,CR005,Vihaan Patel,Fitness,2026-05-31,Food,9643,338,30,35,403,REF00469,Direct,2026-05-31 10:00:00,197,CUST9380,TXN00469,2026-06-09 00:00:00,8,7,1,30762.96,Gaming Headset,Gaming
CAM045,Mega Savings,CR001,Aarav Mehta,Lifestyle,2026-05-08,Home,9735,524,32,57,613,REF00470,YouTube,2026-05-08 10:00:00,424,CUST9994,TXN00470,2026-05-12 00:00:00,43,35,8,123899.7,Travel Backpack,Travel
CAM047,Festive Picks,CR008,Sara Khan,Food,2026-01-09,Travel,2743,95,9,9,113,REF00471,YouTube,2026-01-09 03:00:00,94,CUST2942,TXN00471,2026-01-16 00:00:00,11,10,1,40504.55,Coffee Maker,Home
CAM020,Spring Refresh,CR004,Isha Verma,Beauty,2026-02-24,Food,2558,103,15,10,128,REF00472,Direct,2026-02-24 14:00:00,70,CUST8168,TXN00472,2026-03-01 00:00:00,2,1,1,5790.72,Coffee Maker,Home
CAM021,New Collection,CR004,Isha Verma,Beauty,2026-06-08,Beauty,6337,276,24,22,322,REF00473,YouTube,2026-06-08 12:00:00,148,CUST1275,TXN00473,2026-06-09 00:00:00,9,9,0,16780.91,Protein Powder,Fitness
CAM046,Summer Launch,CR002,Ananya Sharma,Fashion,2026-01-02,Fitness,8975,411,39,50,500,REF00474,Instagram,2026-01-02 15:00:00,313,CUST9873,TXN00474,2026-01-03 00:00:00,14,14,0,29060.56,Protein Powder,Fitness
CAM018,Weekend Flash,CR002,Ananya Sharma,Fashion,2026-01-14,Travel,4419,162,18,18,198,REF00475,Google,2026-01-14 22:00:00,127,CUST3110,TXN00475,2026-01-16 00:00:00,6,6,0,9174.24,Travel Backpack,Travel
CAM038,Product Launch,CR007,Kabir Singh,Gaming,2026-02-28,Fitness,8623,267,29,37,333,REF00476,Facebook,2026-02-28 04:00:00,249,CUST7257,TXN00476,2026-03-05 00:00:00,12,12,0,41132.15,Sneakers,Fashion
CAM018,Creator Spotlight,CR003,Rohan Kapoor,Tech,2026-05-09,Fashion,10399,494,39,29,562,REF00477,Facebook,2026-05-09 06:00:00,229,CUST2156,TXN00477,2026-05-16 00:00:00,11,7,4,20235.46,Travel Backpack,Travel
CAM003,Spring Refresh,CR012,Kavya Iyer,Fashion,2026-03-06,Fitness,8867,410,54,41,505,REF00478,TikTok,2026-03-06 12:00:00,230,CUST3219,TXN00478,2026-03-15 00:00:00,6,6,0,12051.62,Protein Powder,Fitness
CAM027,Spring Refresh,CR009,Arjun Rao,Finance,2026-04-01,Fashion,13729,451,52,57,560,REF00479,Facebook,2026-04-01 21:00:00,280,CUST3008,TXN00479,2026-04-07 00:00:00,30,28,2,73107.44,Gaming Headset,Gaming
CAM034,Summer Launch,CR001,Aarav Mehta,Lifestyle,2026-04-18,Fashion,6491,241,33,30,304,REF00480,Google,2026-04-18 14:00:00,180,CUST8249,TXN00480,2026-04-25 00:00:00,12,11,1,22737.8,Coffee Maker,Home
CAM043,Weekend Flash,CR012,Kavya Iyer,Fashion,2026-06-19,Gaming,3005,117,16,11,144,REF00481,YouTube,2026-06-19 17:00:00,94,CUST6812,TXN00481,2026-06-25 00:00:00,3,3,0,11714.69,Wireless Earbuds,Electronics
CAM009,Premium Picks,CR008,Sara Khan,Food,2026-01-30,Food,3827,235,24,11,270,REF00482,TikTok,2026-01-30 16:00:00,136,CUST2470,TXN00482,2026-02-03 00:00:00,5,5,0,13763.08,Sneakers,Fashion
CAM007,Spring Refresh,CR002,Ananya Sharma,Fashion,2026-02-26,Travel,7207,380,51,38,469,REF00483,Direct,2026-02-26 07:00:00,287,CUST1351,TXN00483,2026-02-27 00:00:00,11,11,0,19260.53,Skincare Kit,Beauty
CAM010,Holiday Offers,CR005,Vihaan Patel,Fitness,2026-01-05,Home,9683,395,28,25,448,REF00484,Instagram,2026-01-05 02:00:00,283,CUST2669,TXN00484,2026-01-08 00:00:00,9,5,4,53256.8,Smartwatch,Electronics
CAM035,Creator Spotlight,CR003,Rohan Kapoor,Tech,2026-02-28,Fashion,4595,112,12,7,131,REF00485,Email,2026-02-28 09:00:00,150,CUST1738,TXN00485,2026-03-09 00:00:00,16,12,4,42189.91,Gaming Headset,Gaming
CAM027,New Collection,CR005,Vihaan Patel,Fitness,2026-06-21,Beauty,5435,148,24,13,185,REF00486,YouTube,2026-06-21 22:00:00,110,CUST2061,TXN00486,2026-06-22 00:00:00,11,10,1,24438.67,Travel Backpack,Travel
CAM018,Summer Launch,CR009,Arjun Rao,Finance,2026-06-29,Gaming,5217,263,26,18,307,REF00487,Direct,2026-06-29 02:00:00,136,CUST1463,TXN00487,2026-07-06 00:00:00,7,6,1,14255.19,Protein Powder,Fitness
CAM046,Summer Launch,CR008,Sara Khan,Food,2026-02-03,Food,3945,170,20,11,201,REF00488,Instagram,2026-02-03 23:00:00,89,CUST2544,TXN00488,2026-02-08 00:00:00,2,2,0,6336.49,Protein Powder,Fitness
CAM040,Weekend Flash,CR004,Isha Verma,Beauty,2026-06-27,Food,6480,268,37,15,320,REF00489,TikTok,2026-06-27 02:00:00,91,CUST1097,TXN00489,2026-06-29 00:00:00,4,4,0,8553.41,Travel Backpack,Travel
CAM002,Product Launch,CR012,Kavya Iyer,Fashion,2026-05-06,Electronics,12450,390,55,47,492,REF00490,Google,2026-05-06 03:00:00,416,CUST6578,TXN00490,2026-05-08 00:00:00,17,17,0,50957.21,Coffee Maker,Home
CAM058,Holiday Offers,CR006,Meera Nair,Travel,2026-04-30,Food,11857,408,37,30,475,REF00491,YouTube,2026-04-30 12:00:00,252,CUST4426,TXN00491,2026-05-03 00:00:00,14,9,5,36615.81,Sneakers,Fashion
CAM048,Spring Refresh,CR009,Arjun Rao,Finance,2026-03-19,Gaming,5043,247,35,28,310,REF00492,Instagram,2026-03-19 19:00:00,146,CUST8795,TXN00492,2026-03-25 00:00:00,6,6,0,22534.65,Wireless Earbuds,Electronics
CAM018,Creator Spotlight,CR008,Sara Khan,Food,2026-05-04,Fashion,8245,297,41,34,372,REF00493,Instagram,2026-05-04 07:00:00,155,CUST8762,TXN00493,2026-05-05 00:00:00,5,5,0,15840.09,Smartwatch,Electronics
CAM011,New Collection,CR001,Aarav Mehta,Lifestyle,2026-06-24,Electronics,13679,496,59,50,605,REF00494,Instagram,2026-06-24 14:00:00,511,CUST2501,TXN00494,2026-06-29 00:00:00,14,13,1,64771.48,Sneakers,Fashion
CAM051,Spring Refresh,CR002,Ananya Sharma,Fashion,2026-04-13,Travel,4528,221,22,16,259,REF00495,TikTok,2026-04-13 12:00:00,164,CUST3718,TXN00495,2026-04-15 00:00:00,6,6,0,15886.55,Sneakers,Fashion
CAM036,Holiday Offers,CR003,Rohan Kapoor,Tech,2026-06-22,Food,2585,122,18,9,149,REF00496,Facebook,2026-06-22 20:00:00,57,CUST6801,TXN00496,2026-06-27 00:00:00,2,2,0,10498.6,Smartwatch,Electronics
CAM044,Weekend Flash,CR012,Kavya Iyer,Fashion,2026-05-20,Fitness,8545,513,59,58,630,REF00497,Instagram,2026-05-20 17:00:00,285,CUST8420,TXN00497,2026-05-24 00:00:00,15,13,2,78444.77,Gaming Headset,Gaming
CAM032,Holiday Offers,CR006,Meera Nair,Travel,2026-01-11,Beauty,12818,251,19,24,294,REF00498,Instagram,2026-01-11 06:00:00,221,CUST2455,TXN00498,2026-01-20 00:00:00,12,10,2,30303.87,Gaming Headset,Gaming
CAM034,Spring Refresh,CR001,Aarav Mehta,Lifestyle,2026-06-27,Electronics,8931,433,35,40,508,REF00499,Google,2026-06-27 15:00:00,261,CUST5007,TXN00499,2026-06-28 00:00:00,4,2,2,18531.65,Gaming Headset,Gaming
CAM024,Creator Spotlight,CR008,Sara Khan,Food,2026-06-05,Food,10517,414,33,36,483,REF00500,Instagram,2026-06-05 13:00:00,221,CUST2083,TXN00500,2026-06-12 00:00:00,12,10,2,21988.43,Protein Powder,Fitness
CAM042,Weekend Flash,CR010,Diya Joshi,Lifestyle,2026-02-09,Home,8816,378,48,42,468,REF00501,YouTube,2026-02-09 04:00:00,252,CUST5934,TXN00501,2026-02-12 00:00:00,26,22,4,88349.82,Sneakers,Fashion
CAM040,Holiday Offers,CR003,Rohan Kapoor,Tech,2026-06-30,Beauty,19750,782,117,67,966,REF00502,Instagram,2026-06-30 14:00:00,462,CUST4077,TXN00502,2026-07-03 00:00:00,33,24,9,189049.89,Smartwatch,Electronics
CAM023,Spring Refresh,CR008,Sara Khan,Food,2026-03-07,Travel,7397,388,52,46,486,REF00503,Instagram,2026-03-07 14:00:00,192,CUST6841,TXN00503,2026-03-16 00:00:00,9,8,1,50500.83,Smartwatch,Electronics
CAM016,Premium Picks,CR004,Isha Verma,Beauty,2026-01-23,Fitness,7618,234,20,21,275,REF00504,Google,2026-01-23 06:00:00,131,CUST6391,TXN00504,2026-01-28 00:00:00,14,13,1,38341.52,Coffee Maker,Home
CAM022,Creator Spotlight,CR009,Arjun Rao,Finance,2026-01-13,Food,4631,201,24,14,239,REF00505,TikTok,2026-01-13 07:00:00,117,CUST4051,TXN00505,2026-01-19 00:00:00,1,1,0,5460.3,Smartwatch,Electronics
CAM048,Festive Picks,CR005,Vihaan Patel,Fitness,2026-04-21,Fitness,6097,251,22,17,290,REF00506,Instagram,2026-04-21 18:00:00,159,CUST8790,TXN00506,2026-04-29 00:00:00,7,6,1,13192.71,Skincare Kit,Beauty
CAM043,Holiday Offers,CR009,Arjun Rao,Finance,2026-06-16,Fashion,14514,479,48,52,579,REF00507,Google,2026-06-16 15:00:00,337,CUST2887,TXN00507,2026-06-20 00:00:00,24,23,1,124090.95,Gaming Headset,Gaming
CAM032,Premium Picks,CR003,Rohan Kapoor,Tech,2026-02-27,Food,12634,389,51,38,478,REF00508,Instagram,2026-02-27 06:00:00,184,CUST7006,TXN00508,2026-02-28 00:00:00,16,15,1,34636.89,Travel Backpack,Travel
CAM025,Mega Savings,CR009,Arjun Rao,Finance,2026-03-25,Food,5057,228,17,29,274,REF00509,Instagram,2026-03-25 11:00:00,167,CUST6076,TXN00509,2026-03-28 00:00:00,4,3,1,24571.23,Smartwatch,Electronics
CAM010,New Collection,CR003,Rohan Kapoor,Tech,2026-06-18,Food,10142,540,77,41,658,REF00510,Instagram,2026-06-18 13:00:00,164,CUST3324,TXN00510,2026-06-20 00:00:00,7,7,0,13067.3,Skincare Kit,Beauty
CAM040,Festive Picks,CR002,Ananya Sharma,Fashion,2026-04-05,Fashion,13469,593,48,30,671,REF00511,Instagram,2026-04-05 13:00:00,314,CUST6049,TXN00511,2026-04-13 00:00:00,20,16,4,41742.09,Wireless Earbuds,Electronics
CAM052,Premium Picks,CR010,Diya Joshi,Lifestyle,2026-04-03,Gaming,10595,324,46,34,404,REF00512,YouTube,2026-04-03 04:00:00,285,CUST7345,TXN00512,2026-04-09 00:00:00,14,12,2,66332.55,Smartwatch,Electronics
CAM043,Summer Launch,CR002,Ananya Sharma,Fashion,2026-02-10,Home,3961,232,29,20,281,REF00513,YouTube,2026-02-10 23:00:00,140,CUST6840,TXN00513,2026-02-13 00:00:00,17,14,3,34958.08,Skincare Kit,Beauty
CAM030,New Collection,CR003,Rohan Kapoor,Tech,2026-05-28,Fashion,6863,398,29,39,466,REF00514,Google,2026-05-28 15:00:00,171,CUST1004,TXN00514,2026-06-03 00:00:00,9,9,0,13372.5,Travel Backpack,Travel
CAM048,Creator Spotlight,CR007,Kabir Singh,Gaming,2026-05-03,Food,7642,354,32,23,409,REF00515,Google,2026-05-03 23:00:00,201,CUST7986,TXN00515,2026-05-11 00:00:00,10,8,2,47917.05,Coffee Maker,Home
CAM002,Product Launch,CR008,Sara Khan,Food,2026-02-07,Home,29275,1347,127,155,1629,REF00516,Google,2026-02-07 20:00:00,811,CUST9220,TXN00516,2026-02-15 00:00:00,35,26,9,67278.02,Travel Backpack,Travel
CAM051,Holiday Offers,CR005,Vihaan Patel,Fitness,2026-03-28,Electronics,12231,422,40,47,509,REF00517,Google,2026-03-28 03:00:00,390,CUST3958,TXN00517,2026-03-29 00:00:00,29,23,6,52544.36,Sneakers,Fashion
CAM042,Holiday Offers,CR012,Kavya Iyer,Fashion,2026-04-15,Home,10052,170,25,12,207,REF00518,YouTube,2026-04-15 04:00:00,144,CUST3601,TXN00518,2026-04-22 00:00:00,9,8,1,16337.06,Wireless Earbuds,Electronics
CAM001,Premium Picks,CR011,Aditya Deshmukh,Tech,2026-03-08,Gaming,7421,137,18,7,162,REF00519,Google,2026-03-08 08:00:00,137,CUST9697,TXN00519,2026-03-13 00:00:00,20,17,3,45461.47,Wireless Earbuds,Electronics
CAM042,New Collection,CR008,Sara Khan,Food,2026-01-10,Gaming,3074,91,14,11,116,REF00520,Direct,2026-01-10 17:00:00,81,CUST6862,TXN00520,2026-01-18 00:00:00,5,4,1,15414.29,Gaming Headset,Gaming
CAM049,Weekend Flash,CR008,Sara Khan,Food,2026-03-18,Food,14350,506,71,38,615,REF00521,Google,2026-03-18 13:00:00,205,CUST5036,TXN00521,2026-03-24 00:00:00,7,5,2,14856.01,Coffee Maker,Home
CAM028,Creator Spotlight,CR012,Kavya Iyer,Fashion,2026-04-18,Electronics,4634,215,20,20,255,REF00522,Direct,2026-04-18 06:00:00,101,CUST5216,TXN00522,2026-04-24 00:00:00,6,6,0,9763.33,Skincare Kit,Beauty
CAM021,Festive Picks,CR004,Isha Verma,Beauty,2026-02-08,Home,8054,238,16,20,274,REF00523,Instagram,2026-02-08 15:00:00,154,CUST4822,TXN00523,2026-02-13 00:00:00,6,5,1,11496.59,Protein Powder,Fitness
CAM015,Weekend Flash,CR010,Diya Joshi,Lifestyle,2026-03-28,Fitness,6629,237,26,28,291,REF00524,TikTok,2026-03-28 10:00:00,162,CUST8326,TXN00524,2026-04-02 00:00:00,2,2,0,8307.55,Sneakers,Fashion
CAM056,Festive Picks,CR002,Ananya Sharma,Fashion,2026-03-15,Food,6011,200,15,18,233,REF00525,YouTube,2026-03-15 04:00:00,167,CUST8246,TXN00525,2026-03-21 00:00:00,16,16,0,60739.31,Wireless Earbuds,Electronics
CAM010,Monsoon Sale,CR006,Meera Nair,Travel,2026-02-27,Fashion,9104,472,55,53,580,REF00526,Facebook,2026-02-27 14:00:00,320,CUST5024,TXN00526,2026-03-03 00:00:00,24,22,2,110914.74,Coffee Maker,Home
CAM048,Weekend Flash,CR007,Kabir Singh,Gaming,2026-05-08,Gaming,4700,206,24,18,248,REF00527,Instagram,2026-05-08 22:00:00,131,CUST3446,TXN00527,2026-05-13 00:00:00,3,2,1,5724.14,Wireless Earbuds,Electronics
CAM056,Summer Launch,CR008,Sara Khan,Food,2026-06-18,Fitness,6657,272,34,16,322,REF00528,Instagram,2026-06-18 01:00:00,190,CUST1913,TXN00528,2026-06-26 00:00:00,5,4,1,17174.12,Protein Powder,Fitness
CAM049,Mega Savings,CR003,Rohan Kapoor,Tech,2026-06-02,Electronics,8439,342,49,30,421,REF00529,Direct,2026-06-02 09:00:00,292,CUST3744,TXN00529,2026-06-06 00:00:00,11,10,1,38483.46,Smartwatch,Electronics
CAM049,Holiday Offers,CR009,Arjun Rao,Finance,2026-03-04,Beauty,26615,1317,184,181,1682,REF00530,Google,2026-03-04 23:00:00,866,CUST8092,TXN00530,2026-03-10 00:00:00,86,82,4,270540.87,Wireless Earbuds,Electronics
CAM021,Premium Picks,CR001,Aarav Mehta,Lifestyle,2026-02-05,Home,4815,193,22,21,236,REF00531,Instagram,2026-02-05 01:00:00,173,CUST2020,TXN00531,2026-02-09 00:00:00,8,6,2,9029.54,Skincare Kit,Beauty
CAM034,Back to College,CR008,Sara Khan,Food,2026-03-21,Fitness,4553,137,13,7,157,REF00532,Email,2026-03-21 02:00:00,147,CUST4151,TXN00532,2026-03-25 00:00:00,4,3,1,13631.47,Gaming Headset,Gaming
CAM008,Product Launch,CR001,Aarav Mehta,Lifestyle,2026-04-20,Gaming,9726,582,64,54,700,REF00533,Facebook,2026-04-20 14:00:00,365,CUST2677,TXN00533,2026-04-21 00:00:00,5,4,1,11679.15,Travel Backpack,Travel
CAM023,Summer Launch,CR011,Aditya Deshmukh,Tech,2026-02-24,Fashion,7202,352,28,19,399,REF00534,Facebook,2026-02-24 01:00:00,199,CUST8502,TXN00534,2026-03-03 00:00:00,14,13,1,68727.5,Gaming Headset,Gaming
CAM018,Spring Refresh,CR008,Sara Khan,Food,2026-06-10,Home,7391,181,13,15,209,REF00535,TikTok,2026-06-10 23:00:00,99,CUST4948,TXN00535,2026-06-12 00:00:00,1,1,0,1524.19,Protein Powder,Fitness
CAM052,Creator Spotlight,CR005,Vihaan Patel,Fitness,2026-02-08,Beauty,8126,441,32,32,505,REF00536,Direct,2026-02-08 15:00:00,205,CUST4137,TXN00536,2026-02-10 00:00:00,7,6,1,11315.53,Skincare Kit,Beauty
CAM054,Creator Spotlight,CR003,Rohan Kapoor,Tech,2026-04-03,Travel,3499,143,16,16,175,REF00537,Instagram,2026-04-03 07:00:00,95,CUST8569,TXN00537,2026-04-12 00:00:00,4,4,0,19840.91,Coffee Maker,Home
CAM006,Spring Refresh,CR010,Diya Joshi,Lifestyle,2026-01-17,Electronics,2880,122,14,11,147,REF00538,TikTok,2026-01-17 01:00:00,47,CUST7139,TXN00538,2026-01-24 00:00:00,3,3,0,7861.42,Travel Backpack,Travel
CAM057,Product Launch,CR009,Arjun Rao,Finance,2026-03-27,,5146,208,21,20,249,REF00539,Instagram,2026-03-27 03:00:00,133,CUST8454,TXN00539,2026-04-02 00:00:00,5,4,1,11277.95,Wireless Earbuds,Electronics
CAM043,Weekend Flash,CR007,Kabir Singh,Gaming,2026-03-12,Electronics,4548,264,16,22,302,REF00540,TikTok,2026-03-12 15:00:00,135,CUST9711,TXN00540,2026-03-18 00:00:00,2,2,0,2189.25,Travel Backpack,Travel
CAM042,Spring Refresh,CR012,Kavya Iyer,Fashion,2026-05-07,Gaming,10517,515,44,45,604,REF00541,Instagram,2026-05-07 07:00:00,327,CUST8511,TXN00541,2026-05-11 00:00:00,12,9,3,63701.73,Gaming Headset,Gaming
CAM004,Product Launch,CR003,Rohan Kapoor,Tech,2026-03-08,Gaming,8134,332,27,30,389,REF00542,YouTube,2026-03-08 03:00:00,224,CUST6051,TXN00542,2026-03-14 00:00:00,14,12,2,58771.07,Gaming Headset,Gaming
CAM058,Premium Picks,CR012,Kavya Iyer,Fashion,2026-06-24,Home,7424,197,23,23,243,REF00543,Direct,2026-06-24 15:00:00,110,CUST1934,TXN00543,2026-07-01 00:00:00,2,2,0,4032.71,Protein Powder,Fitness
CAM010,Festive Picks,CR011,Aditya Deshmukh,Tech,2026-04-14,Travel,5273,230,20,17,267,REF00544,Instagram,2026-04-14 10:00:00,194,CUST5524,TXN00544,2026-04-22 00:00:00,20,16,4,21335.36,Skincare Kit,Beauty
CAM038,Spring Refresh,CR001,Aarav Mehta,Lifestyle,2026-01-26,Gaming,7098,289,29,35,353,REF00545,Email,2026-01-26 22:00:00,110,CUST1699,TXN00545,2026-01-27 00:00:00,7,6,1,11048.62,Protein Powder,Fitness
CAM041,Festive Picks,CR012,Kavya Iyer,Fashion,2026-05-29,Travel,4455,194,27,20,241,REF00546,Email,2026-05-29 19:00:00,134,CUST3577,TXN00546,2026-06-03 00:00:00,4,4,0,4142.77,Travel Backpack,Travel
CAM006,Product Launch,CR005,Vihaan Patel,Fitness,2026-02-13,Home,8033,466,71,50,587,REF00547,Instagram,2026-02-13 09:00:00,254,CUST2467,TXN00547,2026-02-21 00:00:00,22,18,4,92160.66,Sneakers,Fashion
CAM003,Product Launch,CR008,Sara Khan,Food,2026-03-15,Home,8564,450,59,42,551,REF00548,TikTok,2026-03-15 07:00:00,204,CUST1842,TXN00548,2026-03-20 00:00:00,15,11,4,21950.95,Travel Backpack,Travel
CAM034,Premium Picks,CR003,Rohan Kapoor,Tech,2026-03-07,Home,7647,394,40,21,455,REF00549,YouTube,2026-03-07 05:00:00,321,CUST2550,TXN00549,2026-03-15 00:00:00,19,18,1,41766.24,Skincare Kit,Beauty
CAM030,New Collection,CR009,Arjun Rao,Finance,2026-01-06,Food,6314,225,28,22,275,REF00550,Facebook,2026-01-06 19:00:00,148,CUST3777,TXN00550,2026-01-08 00:00:00,10,9,1,25920.88,Protein Powder,Fitness
CAM003,Product Launch,CR008,Sara Khan,Food,2026-06-25,Fitness,11124,594,55,74,723,REF00551,Instagram,2026-06-25 23:00:00,287,CUST7074,TXN00551,2026-06-26 00:00:00,16,13,3,75276.53,Gaming Headset,Gaming
CAM024,Festive Picks,CR008,Sara Khan,Food,2026-04-30,Electronics,2500,112,8,11,131,REF00552,YouTube,2026-04-30 20:00:00,66,CUST7204,TXN00552,2026-05-07 00:00:00,8,7,1,51591.94,Smartwatch,Electronics
CAM055,Product Launch,CR003,Rohan Kapoor,Tech,2026-05-31,Fitness,10734,505,42,26,573,REF00553,Google,2026-05-31 20:00:00,241,CUST2581,TXN00553,2026-06-03 00:00:00,13,9,4,57896.41,Gaming Headset,Gaming
CAM015,Monsoon Sale,CR002,Ananya Sharma,Fashion,2026-04-13,Food,4458,162,21,9,192,REF00554,Direct,2026-04-13 19:00:00,144,CUST4724,TXN00554,2026-04-22 00:00:00,6,4,2,9919.07,Travel Backpack,Travel
CAM020,Summer Launch,CR004,Isha Verma,Beauty,2026-02-01,Home,4183,221,35,14,270,REF00555,Instagram,2026-02-01 15:00:00,128,CUST9031,TXN00555,2026-02-04 00:00:00,6,4,2,22503.14,Gaming Headset,Gaming
CAM021,New Collection,CR011,Aditya Deshmukh,Tech,2026-06-04,Beauty,14717,643,70,66,779,REF00556,Direct,2026-06-04 12:00:00,588,CUST4891,TXN00556,2026-06-09 00:00:00,38,25,13,120059.19,Wireless Earbuds,Electronics
CAM034,Back to College,CR004,Isha Verma,Beauty,2026-01-27,Travel,6490,350,47,47,444,REF00557,Google,2026-01-27 21:00:00,150,CUST7243,TXN00557,2026-01-31 00:00:00,14,11,3,35600.46,Protein Powder,Fitness
CAM006,Weekend Flash,CR002,Ananya Sharma,Fashion,2026-04-10,Electronics,9269,451,45,26,522,REF00558,Instagram,2026-04-10 21:00:00,250,CUST2524,TXN00558,2026-04-15 00:00:00,9,8,1,42708.99,Gaming Headset,Gaming
CAM023,Spring Refresh,CR005,Vihaan Patel,Fitness,2026-03-14,Fashion,5159,173,17,15,205,REF00559,Instagram,2026-03-14 20:00:00,112,CUST7890,TXN00559,2026-03-18 00:00:00,5,5,0,19652.38,Gaming Headset,Gaming
CAM017,Creator Spotlight,CR001,Aarav Mehta,Lifestyle,2026-05-18,Gaming,5468,234,16,23,273,REF00560,Instagram,2026-05-18 14:00:00,154,CUST9001,TXN00560,2026-05-26 00:00:00,11,7,4,52308.03,Coffee Maker,Home
CAM052,Festive Picks,CR006,Meera Nair,Travel,2026-05-31,Beauty,9125,263,39,27,329,REF00561,YouTube,2026-05-31 23:00:00,138,CUST9047,TXN00561,2026-06-06 00:00:00,5,5,0,16884.66,Wireless Earbuds,Electronics
CAM012,Mega Savings,CR006,Meera Nair,Travel,2026-04-22,Home,6555,150,10,10,170,REF00562,TikTok,2026-04-22 02:00:00,128,CUST4520,TXN00562,2026-04-29 00:00:00,4,3,1,13859.48,Coffee Maker,Home
CAM048,New Collection,CR006,Meera Nair,Travel,2026-02-14,Home,12850,562,82,56,700,REF00563,TikTok,2026-02-14 19:00:00,557,CUST5154,TXN00563,2026-02-20 00:00:00,24,22,2,69960.39,Gaming Headset,Gaming
CAM028,Summer Launch,CR011,Aditya Deshmukh,Tech,2026-06-26,Electronics,5309,174,23,17,214,REF00564,TikTok,2026-06-26 22:00:00,113,CUST8115,TXN00564,2026-07-01 00:00:00,3,3,0,14313.04,Smartwatch,Electronics
CAM024,New Collection,CR007,Kabir Singh,Gaming,2026-01-30,Gaming,7774,490,32,41,563,REF00565,Email,2026-01-30 18:00:00,232,CUST1898,TXN00565,2026-02-07 00:00:00,15,9,6,39731.32,Travel Backpack,Travel
CAM005,Monsoon Sale,CR005,Vihaan Patel,Fitness,2026-04-08,Fitness,7911,342,45,22,409,REF00566,Instagram,2026-04-08 04:00:00,266,CUST9234,TXN00566,2026-04-17 00:00:00,12,10,2,23788.97,Skincare Kit,Beauty
CAM004,Spring Refresh,CR011,Aditya Deshmukh,Tech,2026-04-12,Electronics,6144,304,33,23,360,REF00567,Instagram,2026-04-12 01:00:00,157,CUST1819,TXN00567,2026-04-17 00:00:00,13,11,2,59537.85,Coffee Maker,Home
CAM029,Festive Picks,CR004,Isha Verma,Beauty,2026-02-03,Home,17247,707,109,54,870,REF00568,Instagram,2026-02-03 21:00:00,297,CUST8564,TXN00568,2026-02-07 00:00:00,17,14,3,15033.72,Skincare Kit,Beauty
CAM005,Back to College,CR009,Arjun Rao,Finance,2026-06-23,Home,6541,274,26,20,320,REF00569,YouTube,2026-06-23 10:00:00,112,CUST2141,TXN00569,2026-07-02 00:00:00,6,5,1,26703.25,Wireless Earbuds,Electronics
CAM055,Festive Picks,CR012,Kavya Iyer,Fashion,2026-03-05,Fitness,5351,260,30,23,313,REF00570,YouTube,2026-03-05 16:00:00,157,CUST3170,TXN00570,2026-03-12 00:00:00,9,4,5,14747.09,Travel Backpack,Travel
CAM057,Weekend Flash,CR002,Ananya Sharma,Fashion,2026-05-29,Gaming,7443,354,47,26,427,REF00571,Facebook,2026-05-29 14:00:00,164,CUST8421,TXN00571,2026-06-04 00:00:00,11,10,1,33204.59,Smartwatch,Electronics
CAM043,Premium Picks,CR003,Rohan Kapoor,Tech,2026-06-12,Home,5775,170,15,15,200,REF00572,Google,2026-06-12 07:00:00,163,CUST2526,TXN00572,2026-06-19 00:00:00,12,10,2,27722.98,Sneakers,Fashion
CAM045,Weekend Flash,CR010,Diya Joshi,Lifestyle,2026-04-28,Home,6177,226,22,22,270,REF00573,Facebook,2026-04-28 03:00:00,169,CUST8131,TXN00573,2026-05-06 00:00:00,7,6,1,19904.82,Wireless Earbuds,Electronics
CAM040,Monsoon Sale,CR008,Sara Khan,Food,2026-02-18,Food,5131,252,23,33,308,REF00574,Instagram,2026-02-18 22:00:00,234,CUST7269,TXN00574,2026-02-20 00:00:00,10,7,3,10454.38,Travel Backpack,Travel
CAM053,Festive Picks,CR006,Meera Nair,Travel,2026-05-07,Home,3886,153,21,9,183,REF00575,TikTok,2026-05-07 08:00:00,107,CUST3312,TXN00575,2026-05-08 00:00:00,5,5,0,18454.23,Sneakers,Fashion
CAM008,Creator Spotlight,CR001,Aarav Mehta,Lifestyle,2026-04-14,Food,6097,309,25,33,367,REF00576,Google,2026-04-14 18:00:00,227,CUST9597,TXN00576,2026-04-23 00:00:00,26,22,4,69635.26,Coffee Maker,Home
CAM048,Monsoon Sale,CR008,Sara Khan,Food,2026-06-08,Travel,6895,307,43,30,380,REF00577,Instagram,2026-06-08 09:00:00,165,CUST4977,TXN00577,2026-06-12 00:00:00,5,4,1,17873.99,Coffee Maker,Home
CAM007,Summer Launch,CR005,Vihaan Patel,Fitness,2026-02-16,Gaming,17196,816,83,102,1001,REF00578,Instagram,2026-02-16 07:00:00,503,CUST6123,TXN00578,2026-02-18 00:00:00,26,22,4,45044.24,Protein Powder,Fitness
CAM037,Festive Picks,CR011,Aditya Deshmukh,Tech,2026-05-08,Home,5632,179,27,13,219,REF00579,YouTube,2026-05-08 03:00:00,80,CUST5732,TXN00579,2026-05-16 00:00:00,5,5,0,15731.84,Coffee Maker,Home
CAM049,Festive Picks,CR009,Arjun Rao,Finance,2026-06-15,Travel,8634,127,14,6,147,REF00580,Facebook,2026-06-15 09:00:00,220,CUST1527,TXN00580,2026-06-21 00:00:00,4,4,0,15344.96,Wireless Earbuds,Electronics
CAM015,Mega Savings,CR012,Kavya Iyer,Fashion,2026-06-07,Travel,8447,215,21,24,260,REF00581,Facebook,2026-06-07 23:00:00,174,CUST7457,TXN00581,2026-06-14 00:00:00,10,7,3,21764.8,Coffee Maker,Home
CAM036,Product Launch,CR002,Ananya Sharma,Fashion,2026-05-13,Fashion,5753,292,47,31,370,REF00582,YouTube,2026-05-13 08:00:00,172,CUST9265,TXN00582,2026-05-14 00:00:00,6,3,3,34485.48,Smartwatch,Electronics
CAM027,New Collection,CR008,Sara Khan,Food,2026-04-26,Electronics,3815,167,25,21,213,REF00583,YouTube,2026-04-26 15:00:00,91,CUST3572,TXN00583,2026-05-03 00:00:00,9,8,1,33985.61,Gaming Headset,Gaming
CAM026,Spring Refresh,CR010,Diya Joshi,Lifestyle,2026-02-02,Gaming,5493,163,11,12,186,REF00584,Google,2026-02-02 03:00:00,169,CUST3088,TXN00584,2026-02-03 00:00:00,9,6,3,45999.99,Gaming Headset,Gaming
CAM056,Holiday Offers,CR003,Rohan Kapoor,Tech,2026-04-22,Fashion,13403,586,58,63,707,REF00585,Instagram,2026-04-22 21:00:00,336,CUST2370,TXN00585,2026-04-24 00:00:00,32,27,5,117533.67,Sneakers,Fashion
CAM026,Product Launch,CR004,Isha Verma,Beauty,2026-02-22,Travel,5330,253,30,21,304,REF00586,Google,2026-02-22 12:00:00,161,CUST4755,TXN00586,2026-02-26 00:00:00,13,9,4,39514.05,Protein Powder,Fitness
CAM026,Summer Launch,CR003,Rohan Kapoor,Tech,2026-06-12,Home,5579,222,24,12,258,REF00587,Direct,2026-06-12 16:00:00,127,CUST5020,TXN00587,2026-06-19 00:00:00,5,4,1,15641.39,Gaming Headset,Gaming
CAM047,Festive Picks,CR002,Ananya Sharma,Fashion,2026-02-13,Fashion,7552,269,19,28,316,REF00588,YouTube,2026-02-13 07:00:00,188,CUST3934,TXN00588,2026-02-21 00:00:00,7,6,1,21128.24,Sneakers,Fashion
CAM019,Back to College,CR006,Meera Nair,Travel,2026-03-08,Gaming,14218,429,39,56,524,REF00589,Instagram,2026-03-08 17:00:00,329,CUST7659,TXN00589,2026-03-14 00:00:00,15,14,1,39074.13,Protein Powder,Fitness
CAM048,Summer Launch,CR007,Kabir Singh,Gaming,2026-01-10,Gaming,6817,295,44,22,361,REF00590,Instagram,2026-01-10 15:00:00,181,CUST1835,TXN00590,2026-01-18 00:00:00,6,6,0,20345.66,Protein Powder,Fitness
CAM024,Holiday Offers,CR007,Kabir Singh,Gaming,2026-05-16,Fashion,5261,200,30,13,243,REF00591,Instagram,2026-05-16 18:00:00,123,CUST5708,TXN00591,2026-05-17 00:00:00,4,3,1,4722.67,Travel Backpack,Travel
CAM025,Weekend Flash,CR007,Kabir Singh,Gaming,2026-03-12,Beauty,7873,400,45,23,468,REF00592,Facebook,2026-03-12 03:00:00,311,CUST3855,TXN00592,2026-03-20 00:00:00,4,3,1,16376.55,Gaming Headset,Gaming
CAM021,Weekend Flash,CR003,Rohan Kapoor,Tech,2026-06-14,Fashion,12709,799,117,46,962,REF00593,YouTube,2026-06-14 06:00:00,518,CUST7977,TXN00593,2026-06-18 00:00:00,21,18,3,97903.25,Gaming Headset,Gaming
CAM048,Product Launch,CR007,Kabir Singh,Gaming,2026-05-21,Fitness,7238,396,33,33,462,REF00594,TikTok,2026-05-21 12:00:00,274,CUST3857,TXN00594,2026-05-25 00:00:00,7,5,2,8065.49,Travel Backpack,Travel
CAM036,Creator Spotlight,CR011,Aditya Deshmukh,Tech,2026-02-21,Fitness,10608,439,37,35,511,REF00595,Instagram,2026-02-21 07:00:00,283,CUST2587,TXN00595,2026-02-23 00:00:00,15,11,4,48383.59,Smartwatch,Electronics
CAM046,Spring Refresh,CR003,Rohan Kapoor,Tech,2026-02-17,Electronics,4439,133,10,15,158,REF00596,Google,2026-02-17 08:00:00,129,CUST5993,TXN00596,2026-02-23 00:00:00,1,1,0,1253.82,Skincare Kit,Beauty
CAM007,Creator Spotlight,CR004,Isha Verma,Beauty,2026-01-15,Electronics,8025,406,59,33,498,REF00597,Google,2026-01-15 08:00:00,244,CUST5826,TXN00597,2026-01-17 00:00:00,13,11,2,22842.85,Skincare Kit,Beauty
CAM042,Mega Savings,CR012,Kavya Iyer,Fashion,2026-05-04,Fashion,9242,415,50,51,516,REF00598,Instagram,2026-05-04 14:00:00,323,CUST1214,TXN00598,2026-05-13 00:00:00,24,18,6,111790.65,Sneakers,Fashion
CAM032,Mega Savings,CR001,Aarav Mehta,Lifestyle,2026-06-20,Electronics,6045,248,18,31,297,REF00599,TikTok,2026-06-20 17:00:00,162,CUST5987,TXN00599,2026-06-27 00:00:00,7,7,0,11141.59,Travel Backpack,Travel
CAM046,Premium Picks,CR003,Rohan Kapoor,Tech,2026-06-26,Fitness,3946,143,13,17,173,REF00600,Email,2026-06-26 20:00:00,149,CUST4046,TXN00600,2026-06-29 00:00:00,9,9,0,19804.61,Sneakers,Fashion
CAM016,Premium Picks,CR006,Meera Nair,Travel,2026-04-15,Home,5416,264,20,18,302,REF00601,Instagram,2026-04-15 07:00:00,180,CUST9834,TXN00601,2026-04-16 00:00:00,14,13,1,55941.22,Gaming Headset,Gaming
CAM060,Festive Picks,CR004,Isha Verma,Beauty,2026-01-01,Food,9260,400,49,38,487,REF00602,YouTube,2026-01-01 19:00:00,221,CUST5989,TXN00602,2026-01-02 00:00:00,16,14,2,31975.2,Travel Backpack,Travel
CAM018,Premium Picks,CR007,Kabir Singh,Gaming,2026-04-11,Gaming,24230,1123,156,140,1419,REF00603,YouTube,2026-04-11 13:00:00,486,CUST5117,TXN00603,2026-04-20 00:00:00,31,26,5,103190.2,Sneakers,Fashion
CAM036,Product Launch,CR011,Aditya Deshmukh,Tech,2026-03-30,Fashion,6061,251,22,16,289,REF00604,YouTube,2026-03-30 19:00:00,196,CUST3138,TXN00604,2026-04-08 00:00:00,1,1,0,2928.3,Gaming Headset,Gaming
CAM008,Premium Picks,CR010,Diya Joshi,Lifestyle,2026-06-08,Home,6840,202,20,19,241,REF00605,TikTok,2026-06-08 14:00:00,149,CUST6670,TXN00605,2026-06-11 00:00:00,9,8,1,17911.36,Wireless Earbuds,Electronics
CAM032,Festive Picks,CR006,Meera Nair,Travel,2026-02-15,Beauty,9952,497,35,45,577,REF00606,Email,2026-02-15 07:00:00,276,CUST8902,TXN00606,2026-02-19 00:00:00,20,18,2,115532.84,Smartwatch,Electronics
CAM024,Summer Launch,CR002,Ananya Sharma,Fashion,2026-02-24,Fitness,3279,121,15,13,149,REF00607,Instagram,2026-02-24 06:00:00,89,CUST1134,TXN00607,2026-02-28 00:00:00,6,6,0,31639.48,Smartwatch,Electronics
CAM043,Summer Launch,CR006,Meera Nair,Travel,2026-03-25,Gaming,3224,144,15,16,175,REF00608,Instagram,2026-03-25 15:00:00,60,CUST4636,TXN00608,2026-04-01 00:00:00,2,1,1,3968.23,Travel Backpack,Travel
CAM032,Summer Launch,CR011,Aditya Deshmukh,Tech,2026-06-26,Gaming,4778,236,28,13,277,REF00609,Google,2026-06-26 04:00:00,116,CUST3722,TXN00609,2026-07-01 00:00:00,8,5,3,13821.87,Skincare Kit,Beauty
CAM034,Back to College,CR012,Kavya Iyer,Fashion,2026-05-02,Gaming,6668,335,47,18,400,REF00610,TikTok,2026-05-02 04:00:00,198,CUST4733,TXN00610,2026-05-11 00:00:00,5,5,0,19376.8,Wireless Earbuds,Electronics
CAM002,Premium Picks,CR009,Arjun Rao,Finance,2026-01-25,Food,4009,170,19,19,208,REF00611,TikTok,2026-01-25 21:00:00,118,CUST2980,TXN00611,2026-02-01 00:00:00,9,8,1,16288.23,Skincare Kit,Beauty
CAM005,Weekend Flash,CR001,Aarav Mehta,Lifestyle,2026-02-22,Gaming,18850,568,51,35,654,REF00612,Google,2026-02-22 18:00:00,428,CUST4604,TXN00612,2026-02-24 00:00:00,31,22,9,74116.77,Protein Powder,Fitness
CAM018,Weekend Flash,CR010,Diya Joshi,Lifestyle,2026-06-16,Home,8918,414,61,37,512,REF00613,TikTok,2026-06-16 16:00:00,230,CUST6717,TXN00613,2026-06-24 00:00:00,7,5,2,27701.67,Coffee Maker,Home
CAM035,Summer Launch,CR012,Kavya Iyer,Fashion,2026-05-23,Travel,10117,334,43,33,410,REF00614,YouTube,2026-05-23 01:00:00,181,CUST3214,TXN00614,2026-06-01 00:00:00,3,2,1,2778.14,Skincare Kit,Beauty
CAM048,Summer Launch,CR008,Sara Khan,Food,2026-06-03,Food,2628,44,5,4,53,REF00615,YouTube,2026-06-03 18:00:00,58,CUST3896,TXN00615,2026-06-07 00:00:00,3,2,1,4315.17,Travel Backpack,Travel
CAM026,Premium Picks,CR010,Diya Joshi,Lifestyle,2026-02-18,Fitness,6597,237,24,26,287,REF00616,Instagram,2026-02-18 09:00:00,141,CUST2530,TXN00616,2026-02-27 00:00:00,9,7,2,33222.66,Sneakers,Fashion
CAM007,Back to College,CR006,Meera Nair,Travel,2026-03-27,Electronics,10099,485,32,39,556,REF00617,Instagram,2026-03-27 18:00:00,272,CUST6455,TXN00617,2026-04-04 00:00:00,12,11,1,29384.79,Wireless Earbuds,Electronics
CAM040,Premium Picks,CR009,Arjun Rao,Finance,2026-06-22,Fitness,2582,128,11,7,146,REF00618,Facebook,2026-06-22 01:00:00,59,CUST8475,TXN00618,2026-06-28 00:00:00,5,4,1,20489.31,Sneakers,Fashion
CAM060,Holiday Offers,CR011,Aditya Deshmukh,Tech,2026-03-27,Gaming,10443,540,44,52,636,REF00619,Google,2026-03-27 04:00:00,330,CUST3078,TXN00619,2026-03-31 00:00:00,20,19,1,33996.51,Travel Backpack,Travel
CAM016,Monsoon Sale,CR012,Kavya Iyer,Fashion,2026-02-24,Travel,8243,302,41,19,362,REF00620,Instagram,2026-02-24 11:00:00,301,CUST4806,TXN00620,2026-03-05 00:00:00,19,14,5,69843.01,Coffee Maker,Home
CAM030,Premium Picks,CR008,Sara Khan,Food,2026-05-30,Electronics,4996,255,34,13,302,REF00621,Google,2026-05-30 02:00:00,145,CUST6911,TXN00621,2026-06-08 00:00:00,7,7,0,26944.33,Sneakers,Fashion
CAM041,Monsoon Sale,CR005,Vihaan Patel,Fitness,2026-02-26,Travel,7658,349,26,36,411,REF00622,YouTube,2026-02-26 06:00:00,190,CUST7855,TXN00622,2026-03-07 00:00:00,6,6,0,13098.32,Skincare Kit,Beauty
CAM005,Spring Refresh,CR003,Rohan Kapoor,Tech,2026-04-28,Fashion,3995,153,23,15,191,REF00623,Email,2026-04-28 04:00:00,87,CUST2307,TXN00623,2026-05-06 00:00:00,4,4,0,11387.26,Wireless Earbuds,Electronics
CAM015,Holiday Offers,CR005,Vihaan Patel,Fitness,2026-03-26,Fashion,6693,264,17,22,303,REF00624,Facebook,2026-03-26 12:00:00,138,CUST9318,TXN00624,2026-04-04 00:00:00,9,6,3,23692.69,Coffee Maker,Home
CAM026,Back to College,CR004,Isha Verma,Beauty,2026-02-18,Fitness,7254,262,31,28,321,REF00625,YouTube,2026-02-18 08:00:00,213,CUST7573,TXN00625,2026-02-24 00:00:00,15,12,3,55593.1,,Electronics
CAM055,Spring Refresh,CR002,Ananya Sharma,Fashion,2026-04-12,Gaming,10127,354,48,20,422,REF00626,Direct,2026-04-12 13:00:00,260,CUST7150,TXN00626,2026-04-17 00:00:00,5,4,1,4762.0,Skincare Kit,Beauty
CAM049,Summer Launch,CR002,Ananya Sharma,Fashion,2026-05-11,Gaming,3111,93,8,5,106,REF00627,Direct,2026-05-11 03:00:00,77,CUST5743,TXN00627,2026-05-16 00:00:00,7,6,1,15204.91,Skincare Kit,Beauty
CAM003,Premium Picks,CR004,Isha Verma,Beauty,2026-03-09,Home,7598,162,12,11,185,REF00628,Google,2026-03-09 18:00:00,206,CUST8702,TXN00628,2026-03-15 00:00:00,10,7,3,37189.67,Sneakers,Fashion
CAM049,Festive Picks,CR001,Aarav Mehta,Lifestyle,2026-05-13,Beauty,3058,198,17,14,229,REF00629,YouTube,2026-05-13 22:00:00,82,CUST7159,TXN00629,2026-05-15 00:00:00,3,3,0,3387.12,Skincare Kit,Beauty
CAM035,Creator Spotlight,CR012,Kavya Iyer,Fashion,2026-06-07,Fashion,3431,131,15,8,154,REF00630,Google,2026-06-07 01:00:00,102,CUST4508,TXN00630,2026-06-12 00:00:00,6,6,0,16243.09,Smartwatch,Electronics
CAM012,Premium Picks,CR003,Rohan Kapoor,Tech,2026-05-26,Fashion,6033,263,19,31,313,REF00631,TikTok,2026-05-26 09:00:00,223,CUST5707,TXN00631,2026-06-01 00:00:00,7,7,0,28056.57,Sneakers,Fashion
CAM059,Product Launch,CR007,Kabir Singh,Gaming,2026-04-12,Food,6111,294,31,35,360,REF00632,Facebook,2026-04-12 17:00:00,153,CUST6864,TXN00632,2026-04-13 00:00:00,9,9,0,14695.06,Travel Backpack,Travel
CAM024,Creator Spotlight,CR007,Kabir Singh,Gaming,2026-05-04,Beauty,2861,127,17,15,159,REF00633,Facebook,2026-05-04 19:00:00,112,CUST7900,TXN00633,2026-05-10 00:00:00,7,7,0,10952.92,Protein Powder,Fitness
CAM041,New Collection,CR002,Ananya Sharma,Fashion,2026-03-09,Electronics,5482,267,35,27,329,REF00634,TikTok,2026-03-09 09:00:00,204,CUST3712,TXN00634,2026-03-14 00:00:00,8,7,1,33796.22,Sneakers,Fashion
CAM025,Mega Savings,CR011,Aditya Deshmukh,Tech,2026-05-24,Food,12044,719,93,50,862,REF00635,Facebook,2026-05-24 02:00:00,431,CUST2893,TXN00635,2026-06-02 00:00:00,24,21,3,97144.28,Smartwatch,Electronics
CAM038,Monsoon Sale,CR008,Sara Khan,Food,2026-01-19,Electronics,10672,444,36,59,539,REF00636,Direct,2026-01-19 09:00:00,292,CUST9235,TXN00636,2026-01-28 00:00:00,15,13,2,37189.51,Protein Powder,Fitness
CAM031,New Collection,CR002,Ananya Sharma,Fashion,2026-05-12,Gaming,5569,279,44,19,342,REF00637,Instagram,2026-05-12 07:00:00,123,CUST1941,TXN00637,2026-05-18 00:00:00,6,5,1,21086.18,Coffee Maker,Home
CAM032,New Collection,CR001,Aarav Mehta,Lifestyle,2026-03-16,Gaming,3465,101,8,7,116,REF00638,Instagram,2026-03-16 11:00:00,139,CUST9233,TXN00638,2026-03-17 00:00:00,10,9,1,31332.0,Coffee Maker,Home
CAM047,Product Launch,CR002,Ananya Sharma,Fashion,2026-05-06,Fashion,9775,491,60,43,594,REF00639,Facebook,2026-05-06 20:00:00,233,CUST2095,TXN00639,2026-05-13 00:00:00,6,5,1,26613.63,Gaming Headset,Gaming
CAM009,Weekend Flash,CR003,Rohan Kapoor,Tech,2026-02-24,Food,10236,251,41,21,313,REF00640,YouTube,2026-02-24 12:00:00,292,CUST1096,TXN00640,2026-02-27 00:00:00,6,3,3,11032.3,Sneakers,Fashion
CAM013,Spring Refresh,CR010,Diya Joshi,Lifestyle,2026-01-13,Fitness,4286,138,14,14,166,REF00641,Facebook,2026-01-13 10:00:00,101,CUST1365,TXN00641,2026-01-15 00:00:00,6,4,2,12012.26,Wireless Earbuds,Electronics
CAM059,Spring Refresh,CR005,Vihaan Patel,Fitness,2026-04-26,Fitness,8293,354,28,46,428,REF00642,Instagram,2026-04-26 07:00:00,222,CUST7993,TXN00642,2026-05-03 00:00:00,7,6,1,20093.42,Travel Backpack,Travel
CAM033,Spring Refresh,CR010,Diya Joshi,Lifestyle,2026-05-31,Gaming,3591,143,20,17,180,REF00643,YouTube,2026-05-31 19:00:00,78,CUST4186,TXN00643,2026-06-09 00:00:00,7,5,2,31367.26,Gaming Headset,Gaming
CAM005,New Collection,CR004,Isha Verma,Beauty,2026-01-10,Beauty,5491,179,13,20,212,REF00644,Instagram,2026-01-10 18:00:00,139,CUST9902,TXN00644,2026-01-19 00:00:00,7,4,3,33626.7,Smartwatch,Electronics
CAM043,Monsoon Sale,CR003,Rohan Kapoor,Tech,2026-01-20,Beauty,7631,335,36,44,415,REF00645,YouTube,2026-01-20 07:00:00,255,CUST1029,TXN00645,2026-01-26 00:00:00,11,10,1,11204.53,Travel Backpack,Travel
CAM018,Weekend Flash,CR005,Vihaan Patel,Fitness,2026-04-03,Electronics,4585,190,19,19,228,REF00646,YouTube,2026-04-03 09:00:00,126,CUST7685,TXN00646,2026-04-10 00:00:00,6,5,1,12919.58,Gaming Headset,Gaming
CAM048,Monsoon Sale,CR010,Diya Joshi,Lifestyle,2026-01-29,Fitness,5117,222,31,24,277,REF00647,Direct,2026-01-29 05:00:00,170,CUST8483,TXN00647,2026-02-04 00:00:00,6,4,2,27273.42,Sneakers,Fashion
CAM019,Festive Picks,CR006,Meera Nair,Travel,2026-04-12,Home,6272,269,23,21,313,REF00648,Instagram,2026-04-12 02:00:00,238,CUST3476,TXN00648,2026-04-19 00:00:00,8,7,1,16788.39,Wireless Earbuds,Electronics
CAM016,Monsoon Sale,CR011,Aditya Deshmukh,Tech,2026-04-12,Beauty,3463,131,17,11,159,REF00649,YouTube,2026-04-12 22:00:00,104,CUST1849,TXN00649,2026-04-19 00:00:00,1,1,0,4880.14,Sneakers,Fashion
CAM044,New Collection,CR007,Kabir Singh,Gaming,2026-03-30,Beauty,10092,517,66,57,640,REF00650,Instagram,2026-03-30 22:00:00,366,CUST3897,TXN00650,2026-04-06 00:00:00,31,28,3,103250.4,Coffee Maker,Home
CAM011,Weekend Flash,CR001,Aarav Mehta,Lifestyle,2026-02-27,Travel,8291,528,50,37,615,REF00651,Facebook,2026-02-27 08:00:00,352,CUST7119,TXN00651,2026-03-07 00:00:00,10,9,1,28154.5,Protein Powder,Fitness
CAM050,Product Launch,CR001,Aarav Mehta,Lifestyle,2026-02-26,Beauty,7679,248,32,24,304,REF00652,Instagram,2026-02-26 04:00:00,193,CUST1033,TXN00652,2026-02-27 00:00:00,16,14,2,19120.49,Travel Backpack,Travel
CAM005,Spring Refresh,CR008,Sara Khan,Food,2026-02-04,Home,3563,122,10,11,143,REF00653,Facebook,2026-02-04 11:00:00,70,CUST1690,TXN00653,2026-02-05 00:00:00,5,5,0,11955.19,Sneakers,Fashion
CAM018,Holiday Offers,CR003,Rohan Kapoor,Tech,2026-04-01,Electronics,6287,219,34,25,278,REF00654,YouTube,2026-04-01 12:00:00,140,CUST6222,TXN00654,2026-04-08 00:00:00,9,7,2,53568.01,Smartwatch,Electronics
CAM012,Festive Picks,CR005,Vihaan Patel,Fitness,2026-04-05,Beauty,4832,125,17,16,158,REF00655,YouTube,2026-04-05 05:00:00,74,CUST4793,TXN00655,2026-04-11 00:00:00,7,6,1,16814.84,Sneakers,Fashion
CAM037,Summer Launch,CR010,Diya Joshi,Lifestyle,2026-05-18,Electronics,11660,645,61,38,744,REF00656,YouTube,2026-05-18 15:00:00,321,CUST6529,TXN00656,2026-05-24 00:00:00,21,17,4,35345.53,Travel Backpack,Travel
CAM045,New Collection,CR012,Kavya Iyer,Fashion,2026-04-02,Travel,7784,309,48,34,391,REF00657,Facebook,2026-04-02 13:00:00,277,CUST8263,TXN00657,2026-04-10 00:00:00,15,15,0,31375.06,Protein Powder,Fitness
CAM031,Premium Picks,CR011,Aditya Deshmukh,Tech,2026-05-09,Gaming,5176,210,24,26,260,REF00658,YouTube,2026-05-09 13:00:00,111,CUST7235,TXN00658,2026-05-14 00:00:00,8,7,1,16185.41,Travel Backpack,Travel
CAM053,Mega Savings,CR009,Arjun Rao,Finance,2026-01-28,Food,4445,247,17,22,286,REF00659,TikTok,2026-01-28 19:00:00,115,CUST7688,TXN00659,2026-02-02 00:00:00,8,8,0,28307.86,Sneakers,Fashion
CAM048,New Collection,CR012,Kavya Iyer,Fashion,2026-03-29,Electronics,3524,128,15,10,153,REF00660,Direct,2026-03-29 14:00:00,75,CUST9574,TXN00660,2026-04-01 00:00:00,3,1,2,15377.19,Gaming Headset,Gaming
CAM022,Premium Picks,CR001,Aarav Mehta,Lifestyle,2026-06-11,Gaming,3847,188,19,16,223,REF00661,Direct,2026-06-11 03:00:00,76,CUST8191,TXN00661,2026-06-13 00:00:00,7,6,1,15190.41,Wireless Earbuds,Electronics
CAM052,New Collection,CR012,Kavya Iyer,Fashion,2026-05-24,Fashion,2724,152,9,17,178,REF00662,Email,2026-05-24 09:00:00,103,CUST4247,TXN00662,2026-06-01 00:00:00,5,5,0,10123.32,Skincare Kit,Beauty
CAM023,Product Launch,CR001,Aarav Mehta,Lifestyle,2026-01-21,Food,11296,621,56,35,712,REF00663,Direct,2026-01-21 03:00:00,235,CUST5088,TXN00663,2026-01-22 00:00:00,4,4,0,11640.72,Travel Backpack,Travel
CAM046,Weekend Flash,CR003,Rohan Kapoor,Tech,2026-03-02,Electronics,8594,285,42,34,361,REF00664,Instagram,2026-03-02 22:00:00,248,CUST4614,TXN00664,2026-03-11 00:00:00,11,9,2,33066.07,Protein Powder,Fitness
CAM035,Spring Refresh,CR005,Vihaan Patel,Fitness,2026-02-03,Fashion,8232,350,35,34,419,REF00665,Email,2026-02-03 16:00:00,228,CUST4635,TXN00665,2026-02-10 00:00:00,7,7,0,16204.86,Gaming Headset,Gaming
CAM018,Product Launch,CR006,Meera Nair,Travel,2026-03-30,Home,9161,365,30,33,428,REF00666,Email,2026-03-30 18:00:00,297,CUST4159,TXN00666,2026-04-08 00:00:00,17,15,2,27852.41,Skincare Kit,Beauty
CAM043,Holiday Offers,CR004,Isha Verma,Beauty,2026-02-20,Beauty,9456,389,37,28,454,REF00667,Instagram,2026-02-20 03:00:00,258,CUST3129,TXN00667,2026-02-23 00:00:00,9,9,0,21287.38,Sneakers,Fashion
CAM001,New Collection,CR001,Aarav Mehta,Lifestyle,2026-06-30,Fitness,6327,293,23,33,349,REF00668,Instagram,2026-06-30 05:00:00,203,CUST5927,TXN00668,2026-07-05 00:00:00,13,12,1,51469.84,Wireless Earbuds,Electronics
CAM005,Back to College,CR007,Kabir Singh,Gaming,2026-02-19,Travel,6262,245,19,13,277,REF00669,YouTube,2026-02-19 08:00:00,223,CUST3819,TXN00669,2026-02-21 00:00:00,8,7,1,27554.35,Sneakers,Fashion
CAM028,Creator Spotlight,CR008,Sara Khan,Food,2026-06-29,Travel,3966,173,12,12,197,REF00670,TikTok,2026-06-29 22:00:00,127,CUST2536,TXN00670,2026-07-08 00:00:00,9,7,2,36428.49,Sneakers,Fashion
CAM050,Premium Picks,CR006,Meera Nair,Travel,2026-03-09,Gaming,9080,465,66,55,586,REF00671,TikTok,2026-03-09 12:00:00,227,CUST3710,TXN00671,2026-03-10 00:00:00,17,15,2,29752.99,Protein Powder,Fitness
CAM053,New Collection,CR007,Kabir Singh,Gaming,2026-03-28,Fashion,8744,405,42,43,490,REF00672,Instagram,2026-03-28 18:00:00,348,CUST7200,TXN00672,2026-04-03 00:00:00,9,7,2,42180.5,Smartwatch,Electronics
CAM054,Mega Savings,CR010,Diya Joshi,Lifestyle,2026-01-05,Fitness,6821,192,23,25,240,REF00673,Email,2026-01-05 15:00:00,205,CUST3011,TXN00673,2026-01-12 00:00:00,16,14,2,51863.85,Coffee Maker,Home
CAM016,Spring Refresh,CR012,Kavya Iyer,Fashion,2026-01-08,Electronics,9496,453,54,31,538,REF00674,Instagram,2026-01-08 09:00:00,287,CUST2744,TXN00674,2026-01-11 00:00:00,10,10,0,7749.57,Skincare Kit,Beauty
CAM047,New Collection,CR001,Aarav Mehta,Lifestyle,2026-06-05,Home,8254,255,20,23,298,REF00675,Instagram,2026-06-05 10:00:00,185,CUST7448,TXN00675,2026-06-09 00:00:00,14,8,6,73975.12,Smartwatch,Electronics
CAM018,Premium Picks,CR006,Meera Nair,Travel,2026-03-30,Travel,10536,331,54,36,421,REF00676,Instagram,2026-03-30 15:00:00,336,CUST3870,TXN00676,2026-04-02 00:00:00,13,13,0,16278.41,Travel Backpack,Travel
CAM060,Monsoon Sale,CR008,Sara Khan,Food,2026-04-26,Travel,11562,423,48,43,514,REF00677,Instagram,2026-04-26 06:00:00,352,CUST1088,TXN00677,2026-04-30 00:00:00,11,11,0,52110.44,Sneakers,Fashion
CAM021,Festive Picks,CR009,Arjun Rao,Finance,2026-01-11,Home,3951,187,27,24,238,REF00678,Facebook,2026-01-11 11:00:00,91,CUST4212,TXN00678,2026-01-18 00:00:00,7,6,1,13078.66,Protein Powder,Fitness
CAM012,Premium Picks,CR010,Diya Joshi,Lifestyle,2026-02-26,Electronics,5156,200,24,20,244,REF00679,Facebook,2026-02-26 10:00:00,111,CUST9361,TXN00679,2026-03-05 00:00:00,6,6,0,13307.7,Sneakers,Fashion
CAM033,New Collection,CR004,Isha Verma,Beauty,2026-05-15,Travel,6346,135,12,7,154,REF00680,TikTok,2026-05-15 05:00:00,149,CUST5467,TXN00680,2026-05-18 00:00:00,5,5,0,31629.75,Smartwatch,Electronics
CAM048,Back to College,CR005,Vihaan Patel,Fitness,2026-04-09,Electronics,7729,376,54,20,450,REF00681,TikTok,2026-04-09 16:00:00,171,CUST5476,TXN00681,2026-04-14 00:00:00,4,4,0,7678.3,Travel Backpack,Travel
CAM045,Holiday Offers,CR011,Aditya Deshmukh,Tech,2026-06-21,Fashion,13058,528,41,31,600,REF00682,Direct,2026-06-21 23:00:00,469,CUST6188,TXN00682,2026-06-26 00:00:00,18,14,4,21436.64,Skincare Kit,Beauty
CAM026,Holiday Offers,CR002,Ananya Sharma,Fashion,2026-01-19,Fitness,8343,402,33,49,484,REF00683,Instagram,2026-01-19 19:00:00,146,CUST6976,TXN00683,2026-01-24 00:00:00,4,4,0,7129.78,Travel Backpack,Travel
CAM011,Creator Spotlight,CR012,Kavya Iyer,Fashion,2026-03-01,Home,9476,475,56,53,584,REF00684,Facebook,2026-03-01 15:00:00,274,CUST4361,TXN00684,2026-03-02 00:00:00,12,11,1,35730.51,Sneakers,Fashion
CAM013,Monsoon Sale,CR008,Sara Khan,Food,2026-02-17,Home,8883,290,21,28,339,REF00685,YouTube,2026-02-17 03:00:00,154,CUST2130,TXN00685,2026-02-26 00:00:00,6,6,0,29650.18,Gaming Headset,Gaming
CAM050,Creator Spotlight,CR012,Kavya Iyer,Fashion,2026-04-06,Travel,9867,382,58,41,481,REF00686,Instagram,2026-04-06 01:00:00,247,CUST9392,TXN00686,2026-04-14 00:00:00,13,11,2,27708.69,Sneakers,Fashion
CAM057,Monsoon Sale,CR012,Kavya Iyer,Fashion,2026-01-29,Travel,4060,181,26,18,225,REF00687,YouTube,2026-01-29 12:00:00,114,CUST5489,TXN00687,2026-02-01 00:00:00,5,5,0,14836.4,Wireless Earbuds,Electronics
CAM054,Creator Spotlight,CR003,Rohan Kapoor,Tech,2026-01-02,Travel,3555,197,26,22,245,REF00688,Email,2026-01-02 17:00:00,82,CUST7920,TXN00688,2026-01-08 00:00:00,7,6,1,20587.6,Smartwatch,Electronics
CAM038,Spring Refresh,CR003,Rohan Kapoor,Tech,2026-03-27,Travel,6562,346,45,42,433,REF00689,TikTok,2026-03-27 02:00:00,114,CUST3782,TXN00689,2026-03-31 00:00:00,7,4,3,24032.31,Gaming Headset,Gaming
CAM006,Product Launch,CR008,Sara Khan,Food,2026-06-02,Beauty,4050,183,18,14,215,REF00690,Direct,2026-06-02 03:00:00,141,CUST6183,TXN00690,2026-06-05 00:00:00,10,8,2,17992.51,Skincare Kit,Beauty
CAM034,Festive Picks,CR008,Sara Khan,Food,2026-01-11,Home,15665,740,114,90,944,REF00691,Direct,2026-01-11 20:00:00,471,CUST7286,TXN00691,2026-01-16 00:00:00,31,27,4,89070.56,Gaming Headset,Gaming
CAM045,Back to College,CR009,Arjun Rao,Finance,2026-02-11,Electronics,6409,189,20,24,233,REF00692,Facebook,2026-02-11 16:00:00,185,CUST7924,TXN00692,2026-02-13 00:00:00,5,4,1,10500.38,Skincare Kit,Beauty
CAM050,Spring Refresh,CR008,Sara Khan,Food,2026-06-16,Food,11996,511,66,26,603,REF00693,YouTube,2026-06-16 11:00:00,328,CUST8962,TXN00693,2026-06-21 00:00:00,19,16,3,37457.56,Skincare Kit,Beauty
CAM029,Holiday Offers,CR008,Sara Khan,Food,2026-01-27,Beauty,7548,215,19,15,249,REF00694,Instagram,2026-01-27 13:00:00,160,CUST8927,TXN00694,2026-01-28 00:00:00,1,1,0,4417.16,Smartwatch,Electronics
CAM039,Weekend Flash,CR009,Arjun Rao,Finance,2026-03-05,Electronics,9093,362,23,38,423,REF00695,Instagram,2026-03-05 05:00:00,284,CUST3039,TXN00695,2026-03-07 00:00:00,14,12,2,37569.06,Sneakers,Fashion
CAM017,Summer Launch,CR008,Sara Khan,Food,2026-05-21,Travel,8630,403,53,32,488,REF00696,Email,2026-05-21 17:00:00,338,CUST7413,TXN00696,2026-05-30 00:00:00,20,18,2,16866.36,Skincare Kit,Beauty
CAM035,Holiday Offers,CR008,Sara Khan,Food,2026-01-28,Fashion,5213,210,17,17,244,REF00697,YouTube,2026-01-28 12:00:00,150,CUST5517,TXN00697,2026-02-01 00:00:00,10,10,0,43734.91,Gaming Headset,Gaming
CAM005,Summer Launch,CR005,Vihaan Patel,Fitness,2026-04-06,Home,2858,124,15,7,146,REF00698,YouTube,2026-04-06 18:00:00,91,CUST3495,TXN00698,2026-04-08 00:00:00,10,7,3,54426.68,Gaming Headset,Gaming
CAM037,Holiday Offers,CR010,Diya Joshi,Lifestyle,2026-04-12,Electronics,4448,169,27,16,212,REF00699,TikTok,2026-04-12 07:00:00,132,CUST4400,TXN00699,2026-04-20 00:00:00,2,1,1,2339.24,Travel Backpack,Travel
CAM031,Product Launch,CR002,Ananya Sharma,Fashion,2026-03-21,Electronics,10304,497,67,63,627,REF00700,Instagram,2026-03-21 06:00:00,135,CUST4058,TXN00700,2026-03-24 00:00:00,7,7,0,7953.49,Skincare Kit,Beauty
CAM006,Creator Spotlight,CR006,Meera Nair,Travel,2026-06-29,Fashion,5456,260,32,19,311,REF00701,TikTok,2026-06-29 18:00:00,152,CUST4896,TXN00701,2026-07-04 00:00:00,8,7,1,8141.55,Skincare Kit,Beauty
CAM027,Mega Savings,CR007,Kabir Singh,Gaming,2026-01-12,Fashion,7863,441,43,25,509,REF00702,Instagram,2026-01-12 05:00:00,350,CUST7341,TXN00702,2026-01-19 00:00:00,6,5,1,22866.09,Coffee Maker,Home
CAM034,New Collection,CR011,Aditya Deshmukh,Tech,2026-02-24,Travel,5322,267,32,16,315,REF00703,YouTube,2026-02-24 02:00:00,168,CUST7587,TXN00703,2026-02-27 00:00:00,9,7,2,26880.98,Sneakers,Fashion
CAM015,Summer Launch,CR009,Arjun Rao,Finance,2026-02-16,Gaming,10975,611,67,40,718,REF00704,Instagram,2026-02-16 22:00:00,279,CUST5301,TXN00704,2026-02-25 00:00:00,16,14,2,38654.91,Travel Backpack,Travel
CAM022,Weekend Flash,CR005,Vihaan Patel,Fitness,2026-05-11,Electronics,4953,267,20,17,304,REF00705,TikTok,2026-05-11 10:00:00,162,CUST7552,TXN00705,2026-05-17 00:00:00,2,2,0,8646.65,Sneakers,Fashion
CAM010,Creator Spotlight,CR009,Arjun Rao,Finance,2026-01-16,Electronics,4412,92,10,10,112,REF00706,YouTube,2026-01-16 15:00:00,71,CUST9934,TXN00706,2026-01-18 00:00:00,3,3,0,2280.67,Skincare Kit,Beauty
CAM041,Creator Spotlight,CR011,Aditya Deshmukh,Tech,2026-04-27,Fitness,16495,490,76,44,610,REF00707,Instagram,2026-04-27 23:00:00,452,CUST6277,TXN00707,2026-05-01 00:00:00,33,31,2,164492.13,Gaming Headset,Gaming
CAM020,Weekend Flash,CR005,Vihaan Patel,Fitness,2026-05-01,Electronics,10357,475,32,55,562,REF00708,Direct,2026-05-01 15:00:00,308,CUST3197,TXN00708,2026-05-06 00:00:00,22,18,4,48608.67,Sneakers,Fashion
CAM013,Product Launch,CR001,Aarav Mehta,Lifestyle,2026-06-17,Beauty,5906,176,25,23,224,REF00709,Email,2026-06-17 12:00:00,177,CUST5957,TXN00709,2026-06-23 00:00:00,11,9,2,20081.46,Coffee Maker,Home
CAM016,Product Launch,CR011,Aditya Deshmukh,Tech,2026-03-26,Travel,12378,637,44,81,762,REF00710,Facebook,2026-03-26 16:00:00,350,CUST2183,TXN00710,2026-04-04 00:00:00,8,7,1,31208.34,Coffee Maker,Home
CAM021,Weekend Flash,CR006,Meera Nair,Travel,2026-02-20,Electronics,8673,391,31,52,474,REF00711,Email,2026-02-20 01:00:00,288,CUST1358,TXN00711,2026-02-25 00:00:00,22,18,4,89736.73,Sneakers,Fashion
CAM007,Creator Spotlight,CR002,Ananya Sharma,Fashion,2026-02-18,,6985,374,38,38,450,REF00712,TikTok,2026-02-18 02:00:00,192,CUST7069,TXN00712,2026-02-25 00:00:00,9,6,3,31213.91,Wireless Earbuds,Electronics
CAM056,Premium Picks,CR005,Vihaan Patel,Fitness,2026-06-17,Home,3261,104,9,12,125,REF00713,YouTube,2026-06-17 09:00:00,84,CUST2986,TXN00713,2026-06-24 00:00:00,4,3,1,13766.0,Gaming Headset,Gaming
CAM004,New Collection,CR010,Diya Joshi,Lifestyle,2026-06-06,Gaming,7454,300,26,23,349,REF00714,TikTok,2026-06-06 20:00:00,122,CUST1333,TXN00714,2026-06-12 00:00:00,5,2,3,10100.9,Sneakers,Fashion
CAM048,Weekend Flash,CR002,Ananya Sharma,Fashion,2026-01-14,Home,5710,233,24,12,269,REF00715,Google,2026-01-14 02:00:00,185,CUST3682,TXN00715,2026-01-23 00:00:00,5,4,1,15261.38,Gaming Headset,Gaming
CAM056,Monsoon Sale,CR001,Aarav Mehta,Lifestyle,2026-04-22,Travel,3903,164,20,17,201,REF00716,Email,2026-04-22 09:00:00,95,CUST2293,TXN00716,2026-04-23 00:00:00,12,10,2,49532.01,Wireless Earbuds,Electronics
CAM019,Back to College,CR009,Arjun Rao,Finance,2026-01-27,Fitness,7188,318,22,31,371,REF00717,TikTok,2026-01-27 17:00:00,250,CUST5787,TXN00717,2026-02-02 00:00:00,3,3,0,5705.24,Wireless Earbuds,Electronics
CAM026,Festive Picks,CR010,Diya Joshi,Lifestyle,2026-01-18,Food,12174,499,54,51,604,REF00718,Instagram,2026-01-18 20:00:00,358,CUST4464,TXN00718,2026-01-25 00:00:00,33,29,4,100880.71,Gaming Headset,Gaming
CAM001,Spring Refresh,CR006,Meera Nair,Travel,2026-05-06,Fitness,6245,290,44,15,349,REF00719,Direct,2026-05-06 22:00:00,199,CUST4541,TXN00719,2026-05-07 00:00:00,9,6,3,44668.0,Smartwatch,Electronics
CAM058,Spring Refresh,CR003,Rohan Kapoor,Tech,2026-06-17,Travel,5249,305,29,36,370,REF00720,YouTube,2026-06-17 08:00:00,112,CUST5413,TXN00720,2026-06-19 00:00:00,5,5,0,7686.67,Skincare Kit,Beauty
CAM005,Festive Picks,CR007,Kabir Singh,Gaming,2026-06-15,Gaming,6906,233,20,14,267,REF00721,YouTube,2026-06-15 16:00:00,209,CUST5852,TXN00721,2026-06-17 00:00:00,13,13,0,58571.25,Coffee Maker,Home
CAM055,Mega Savings,CR010,Diya Joshi,Lifestyle,2026-05-02,Electronics,16075,684,61,56,801,REF00722,TikTok,2026-05-02 17:00:00,500,CUST3707,TXN00722,2026-05-04 00:00:00,19,13,6,30089.27,Skincare Kit,Beauty
CAM017,New Collection,CR001,Aarav Mehta,Lifestyle,2026-01-05,Travel,7756,381,35,37,453,REF00723,Email,2026-01-05 18:00:00,250,CUST2775,TXN00723,2026-01-12 00:00:00,13,13,0,47935.53,,Home
CAM011,Back to College,CR002,Ananya Sharma,Fashion,2026-05-30,Fashion,14755,465,39,24,528,REF00724,Email,2026-05-30 13:00:00,496,CUST9814,TXN00724,2026-06-03 00:00:00,17,13,4,43133.57,Coffee Maker,Home
CAM037,Spring Refresh,CR003,Rohan Kapoor,Tech,2026-01-29,Fitness,5010,187,16,14,217,REF00725,Facebook,2026-01-29 10:00:00,81,CUST3962,TXN00725,2026-02-04 00:00:00,3,2,1,4185.89,Travel Backpack,Travel
CAM037,Premium Picks,CR010,Diya Joshi,Lifestyle,2026-04-26,Travel,5593,118,7,10,135,REF00726,Email,2026-04-26 13:00:00,99,CUST9560,TXN00726,2026-05-05 00:00:00,10,9,1,49865.61,Smartwatch,Electronics
CAM044,Spring Refresh,CR008,Sara Khan,Food,2026-06-21,Home,5216,258,26,23,307,REF00727,Facebook,2026-06-21 10:00:00,122,CUST8724,TXN00727,2026-06-25 00:00:00,8,6,2,22940.5,Coffee Maker,Home
CAM020,Holiday Offers,CR004,Isha Verma,Beauty,2026-04-07,Food,5054,216,31,15,262,REF00728,YouTube,2026-04-07 23:00:00,149,CUST5491,TXN00728,2026-04-09 00:00:00,11,9,2,19156.19,Protein Powder,Fitness
CAM029,Holiday Offers,CR001,Aarav Mehta,Lifestyle,2026-06-25,Gaming,6276,337,25,17,379,REF00729,Instagram,2026-06-25 19:00:00,225,CUST8739,TXN00729,2026-06-29 00:00:00,13,10,3,51517.57,Smartwatch,Electronics
CAM038,Creator Spotlight,CR006,Meera Nair,Travel,2026-04-25,Food,8314,259,37,16,312,REF00730,Email,2026-04-25 19:00:00,194,CUST8180,TXN00730,2026-04-27 00:00:00,13,10,3,26838.07,Travel Backpack,Travel
CAM007,Product Launch,CR008,Sara Khan,Food,2026-04-04,Travel,4850,171,23,11,205,REF00731,Facebook,2026-04-04 22:00:00,142,CUST9004,TXN00731,2026-04-12 00:00:00,6,6,0,10530.43,Protein Powder,Fitness
CAM054,Holiday Offers,CR004,Isha Verma,Beauty,2026-02-15,Food,8374,251,38,31,320,REF00732,Google,2026-02-15 06:00:00,134,CUST8865,TXN00732,2026-02-17 00:00:00,9,9,0,29479.37,Coffee Maker,Home
CAM044,Spring Refresh,CR003,Rohan Kapoor,Tech,2026-03-29,Fashion,3605,67,11,9,87,REF00733,Instagram,2026-03-29 08:00:00,78,CUST2716,TXN00733,2026-04-05 00:00:00,8,6,2,18530.87,Travel Backpack,Travel
CAM050,Holiday Offers,CR004,Isha Verma,Beauty,2026-01-06,Home,6735,196,19,18,233,REF00734,TikTok,2026-01-06 04:00:00,114,,,,0,0,0,0.0,Travel Backpack,Travel
CAM003,New Collection,CR003,Rohan Kapoor,Tech,2026-03-07,Home,6390,229,18,13,260,REF00735,Instagram,2026-03-07 11:00:00,231,CUST9499,TXN00735,2026-03-15 00:00:00,11,8,3,31465.9,Protein Powder,Fitness
CAM026,Holiday Offers,CR002,Ananya Sharma,Fashion,2026-06-22,Fashion,7893,295,42,24,361,REF00736,YouTube,2026-06-22 13:00:00,221,CUST9168,TXN00736,2026-07-01 00:00:00,12,12,0,20287.2,Travel Backpack,Travel
CAM029,New Collection,CR001,Aarav Mehta,Lifestyle,2026-06-17,Home,4166,172,15,22,209,REF00737,Email,2026-06-17 04:00:00,105,CUST3373,TXN00737,2026-06-21 00:00:00,7,7,0,28671.85,,Gaming
CAM058,Product Launch,CR005,Vihaan Patel,Fitness,2026-03-11,Travel,10899,536,77,29,642,REF00738,Facebook,2026-03-11 03:00:00,415,CUST2508,TXN00738,2026-03-12 00:00:00,10,8,2,18882.12,Travel Backpack,Travel
CAM014,Holiday Offers,CR001,Aarav Mehta,Lifestyle,2026-04-04,Beauty,9954,423,48,25,496,REF00739,Facebook,2026-04-04 15:00:00,259,CUST3785,TXN00739,2026-04-11 00:00:00,15,11,4,52331.93,Sneakers,Fashion
CAM052,Festive Picks,CR005,Vihaan Patel,Fitness,2026-03-18,Electronics,11448,438,46,25,509,REF00740,Instagram,2026-03-18 01:00:00,323,CUST3123,TXN00740,2026-03-26 00:00:00,20,17,3,96776.67,,Gaming
CAM038,Product Launch,CR010,Diya Joshi,Lifestyle,2026-04-14,Travel,17871,548,55,29,632,REF00741,Direct,2026-04-14 15:00:00,390,CUST1946,TXN00741,2026-04-17 00:00:00,21,19,2,47227.2,Wireless Earbuds,Electronics
CAM011,Mega Savings,CR007,Kabir Singh,Gaming,2026-05-14,Gaming,14154,626,59,41,726,REF00742,YouTube,2026-05-14 08:00:00,534,CUST1332,TXN00742,2026-05-21 00:00:00,22,16,6,38047.15,Travel Backpack,Travel
CAM046,Weekend Flash,CR011,Aditya Deshmukh,Tech,2026-02-11,Electronics,6972,428,51,34,513,REF00743,Email,2026-02-11 08:00:00,206,CUST4051,TXN00743,2026-02-15 00:00:00,14,12,2,31971.89,Sneakers,Fashion
CAM015,Premium Picks,CR012,Kavya Iyer,Fashion,2026-01-15,Fitness,7406,183,30,19,232,REF00744,YouTube,2026-01-15 21:00:00,181,CUST6932,TXN00744,2026-01-16 00:00:00,14,14,0,35615.9,Protein Powder,Fitness
CAM048,Weekend Flash,CR011,Aditya Deshmukh,Tech,2026-01-17,Fashion,4932,230,29,31,290,REF00745,TikTok,2026-01-17 07:00:00,90,CUST3640,TXN00745,2026-01-19 00:00:00,2,2,0,2747.11,Travel Backpack,Travel
CAM045,Product Launch,CR006,Meera Nair,Travel,2026-01-24,Home,11004,498,58,34,590,REF00746,Facebook,2026-01-24 15:00:00,319,CUST5958,TXN00746,2026-01-28 00:00:00,13,11,2,19640.75,Skincare Kit,Beauty
CAM037,Monsoon Sale,CR009,Arjun Rao,Finance,2026-01-22,Travel,4295,144,18,16,178,REF00747,Email,2026-01-22 15:00:00,144,CUST4135,TXN00747,2026-01-31 00:00:00,7,5,2,21665.34,Sneakers,Fashion
CAM011,Holiday Offers,CR012,Kavya Iyer,Fashion,2026-05-12,Fashion,8040,243,18,16,277,REF00748,Instagram,2026-05-12 13:00:00,174,CUST2680,TXN00748,2026-05-16 00:00:00,14,12,2,80785.96,Smartwatch,Electronics
CAM056,Back to College,CR006,Meera Nair,Travel,2026-05-31,Fitness,6697,304,37,38,379,REF00749,Instagram,2026-05-31 07:00:00,171,CUST6207,TXN00749,2026-06-07 00:00:00,10,10,0,8592.87,Skincare Kit,Beauty
CAM048,Weekend Flash,CR002,Ananya Sharma,Fashion,2026-04-16,Fashion,6728,167,12,21,200,REF00750,TikTok,2026-04-16 13:00:00,181,CUST6474,TXN00750,2026-04-21 00:00:00,9,8,1,37473.08,Smartwatch,Electronics
CAM053,Back to College,CR005,Vihaan Patel,Fitness,2026-06-24,Electronics,6815,173,18,18,209,REF00751,Email,2026-06-24 17:00:00,122,CUST6595,TXN00751,2026-07-03 00:00:00,16,14,2,34550.79,Travel Backpack,Travel
CAM056,Back to College,CR011,Aditya Deshmukh,Tech,2026-05-11,Gaming,6611,246,30,26,302,REF00752,Google,2026-05-11 19:00:00,202,CUST3592,TXN00752,2026-05-20 00:00:00,14,7,7,20574.16,Skincare Kit,Beauty
CAM011,Premium Picks,CR006,Meera Nair,Travel,2026-03-25,Fashion,16838,574,60,47,681,REF00753,Instagram,2026-03-25 20:00:00,349,CUST4245,TXN00753,2026-03-28 00:00:00,19,16,3,29222.05,Protein Powder,Fitness
CAM048,Holiday Offers,CR012,Kavya Iyer,Fashion,2026-01-14,Beauty,3360,101,11,7,119,REF00754,Instagram,2026-01-14 23:00:00,62,CUST6800,TXN00754,2026-01-20 00:00:00,7,7,0,20417.06,Gaming Headset,Gaming
CAM010,Mega Savings,CR010,Diya Joshi,Lifestyle,2026-05-15,Gaming,5322,217,34,14,265,REF00755,YouTube,2026-05-15 20:00:00,163,CUST2137,TXN00755,2026-05-21 00:00:00,9,9,0,21381.87,Coffee Maker,Home
CAM009,New Collection,CR005,Vihaan Patel,Fitness,2026-03-26,Home,4042,214,26,26,266,REF00756,Instagram,2026-03-26 11:00:00,137,CUST7659,TXN00756,2026-03-27 00:00:00,6,6,0,22477.77,Smartwatch,Electronics
CAM053,New Collection,CR008,Sara Khan,Food,2026-01-30,Home,14798,681,107,40,828,REF00757,Instagram,2026-01-30 14:00:00,399,CUST3395,TXN00757,2026-02-01 00:00:00,20,18,2,19427.81,Skincare Kit,Beauty
CAM001,New Collection,CR012,Kavya Iyer,Fashion,2026-06-06,Gaming,4655,134,17,8,159,REF00758,Instagram,2026-06-06 04:00:00,134,CUST1618,TXN00758,2026-06-12 00:00:00,7,6,1,17154.39,Sneakers,Fashion
CAM006,Festive Picks,CR008,Sara Khan,Food,2026-01-17,Fashion,3680,93,7,12,112,REF00759,Email,2026-01-17 12:00:00,94,CUST3776,TXN00759,2026-01-23 00:00:00,2,2,0,7101.61,Wireless Earbuds,Electronics
CAM042,Spring Refresh,CR009,Arjun Rao,Finance,2026-05-22,Gaming,4770,269,41,31,341,REF00760,YouTube,2026-05-22 21:00:00,213,CUST2215,TXN00760,2026-05-23 00:00:00,20,16,4,49833.78,Protein Powder,Fitness
CAM045,Weekend Flash,CR002,Ananya Sharma,Fashion,2026-06-04,Fashion,3361,107,7,12,126,REF00761,Google,2026-06-04 20:00:00,73,CUST9556,TXN00761,2026-06-05 00:00:00,4,3,1,17285.98,Wireless Earbuds,Electronics
CAM045,Product Launch,CR008,Sara Khan,Food,2026-06-11,Gaming,5515,97,11,5,113,REF00762,Instagram,2026-06-11 07:00:00,88,CUST8055,TXN00762,2026-06-20 00:00:00,8,6,2,36245.7,Sneakers,Fashion
CAM018,Creator Spotlight,CR007,Kabir Singh,Gaming,2026-03-26,Travel,6649,303,39,34,376,REF00763,Instagram,2026-03-26 04:00:00,151,CUST4690,TXN00763,2026-03-27 00:00:00,12,11,1,22807.14,Travel Backpack,Travel
CAM041,Holiday Offers,CR006,Meera Nair,Travel,2026-01-17,Food,10212,497,56,33,586,REF00764,Instagram,2026-01-17 04:00:00,211,CUST6745,TXN00764,2026-01-18 00:00:00,12,9,3,35974.43,Protein Powder,Fitness
CAM055,Monsoon Sale,CR001,Aarav Mehta,Lifestyle,2026-06-20,Travel,5826,241,38,30,309,REF00765,YouTube,2026-06-20 14:00:00,130,CUST9095,TXN00765,2026-06-27 00:00:00,6,5,1,26758.26,Smartwatch,Electronics
CAM021,Back to College,CR006,Meera Nair,Travel,2026-05-01,Beauty,9544,344,45,29,418,REF00766,Instagram,2026-05-01 08:00:00,233,CUST6771,TXN00766,2026-05-10 00:00:00,5,5,0,20477.79,Wireless Earbuds,Electronics
CAM051,Product Launch,CR007,Kabir Singh,Gaming,2026-02-11,Travel,15605,1023,70,90,1183,REF00767,YouTube,2026-02-11 07:00:00,513,CUST7351,TXN00767,2026-02-15 00:00:00,43,32,11,109978.06,Coffee Maker,Home
CAM001,New Collection,CR003,Rohan Kapoor,Tech,2026-02-09,Gaming,4353,149,10,12,171,REF00768,Direct,2026-02-09 21:00:00,137,CUST1972,TXN00768,2026-02-14 00:00:00,5,5,0,4409.45,Skincare Kit,Beauty
CAM034,Festive Picks,CR011,Aditya Deshmukh,Tech,2026-05-09,Beauty,3656,168,26,9,203,REF00769,Instagram,2026-05-09 08:00:00,57,CUST9783,TXN00769,2026-05-13 00:00:00,10,7,3,24750.7,Sneakers,Fashion
CAM031,Weekend Flash,CR011,Aditya Deshmukh,Tech,2026-06-26,Home,5946,278,36,16,330,REF00770,YouTube,2026-06-26 18:00:00,107,CUST7978,TXN00770,2026-06-30 00:00:00,9,8,1,24018.77,Wireless Earbuds,Electronics
CAM009,Creator Spotlight,CR005,Vihaan Patel,Fitness,2026-06-14,Home,8415,267,29,31,327,REF00771,Google,2026-06-14 23:00:00,190,CUST3674,TXN00771,2026-06-22 00:00:00,11,8,3,21394.83,Coffee Maker,Home
CAM007,Holiday Offers,CR009,Arjun Rao,Finance,2026-02-09,Travel,7470,388,31,23,442,REF00772,Instagram,2026-02-09 23:00:00,160,CUST2769,TXN00772,2026-02-14 00:00:00,10,10,0,49406.77,Smartwatch,Electronics
CAM060,Holiday Offers,CR007,Kabir Singh,Gaming,2026-06-22,Gaming,5518,258,26,23,307,REF00773,Instagram,2026-06-22 08:00:00,140,CUST5978,TXN00773,2026-07-01 00:00:00,6,4,2,15351.32,Wireless Earbuds,Electronics
CAM013,Spring Refresh,CR004,Isha Verma,Beauty,2026-02-03,Electronics,5180,261,36,30,327,REF00774,Direct,2026-02-03 04:00:00,130,CUST7034,TXN00774,2026-02-05 00:00:00,6,5,1,25032.93,Smartwatch,Electronics
CAM002,Spring Refresh,CR010,Diya Joshi,Lifestyle,2026-04-03,Travel,20408,773,87,77,937,REF00775,Instagram,2026-04-03 09:00:00,461,CUST7058,TXN00775,2026-04-12 00:00:00,12,11,1,39265.28,Protein Powder,Fitness
CAM013,Festive Picks,CR003,Rohan Kapoor,Tech,2026-03-17,Fashion,9977,463,70,29,562,REF00776,Email,2026-03-17 07:00:00,398,CUST9089,TXN00776,2026-03-25 00:00:00,23,22,1,24292.84,Skincare Kit,Beauty
CAM004,Weekend Flash,CR002,Ananya Sharma,Fashion,2026-02-02,Gaming,5652,251,32,28,311,REF00777,Instagram,2026-02-02 17:00:00,142,CUST7058,TXN00777,2026-02-06 00:00:00,10,9,1,10279.9,Travel Backpack,Travel
CAM040,Festive Picks,CR007,Kabir Singh,Gaming,2026-02-13,Gaming,3503,143,10,15,168,REF00778,Instagram,2026-02-13 19:00:00,113,CUST2636,TXN00778,2026-02-18 00:00:00,3,3,0,4346.52,Travel Backpack,Travel
CAM032,Creator Spotlight,CR011,Aditya Deshmukh,Tech,2026-06-19,Home,13190,665,62,68,795,REF00779,Google,2026-06-19 21:00:00,403,CUST9603,TXN00779,2026-06-20 00:00:00,23,20,3,49933.17,Travel Backpack,Travel
CAM026,Monsoon Sale,CR011,Aditya Deshmukh,Tech,2026-01-09,Fashion,7658,362,24,31,417,REF00780,TikTok,2026-01-09 11:00:00,234,CUST8082,TXN00780,2026-01-12 00:00:00,7,6,1,12696.02,Protein Powder,Fitness
CAM009,Back to College,CR005,Vihaan Patel,Fitness,2026-06-18,Beauty,6800,230,27,16,273,REF00781,Email,2026-06-18 19:00:00,190,CUST6723,TXN00781,2026-06-23 00:00:00,13,12,1,12119.7,Skincare Kit,Beauty
CAM030,Premium Picks,CR008,Sara Khan,Food,2026-06-26,Gaming,9397,401,36,29,466,REF00782,Google,2026-06-26 12:00:00,165,CUST3109,TXN00782,2026-06-29 00:00:00,7,5,2,16365.1,Sneakers,Fashion
CAM058,New Collection,CR007,Kabir Singh,Gaming,2026-01-22,Beauty,9294,476,52,48,576,REF00783,Facebook,2026-01-22 15:00:00,327,CUST7582,TXN00783,2026-01-29 00:00:00,15,14,1,29918.77,Wireless Earbuds,Electronics
CAM050,Weekend Flash,CR001,Aarav Mehta,Lifestyle,2026-06-28,Fashion,4809,279,28,31,338,REF00784,Instagram,2026-06-28 06:00:00,126,CUST3259,TXN00784,2026-07-01 00:00:00,5,5,0,32423.53,Smartwatch,Electronics
CAM049,Creator Spotlight,CR009,Arjun Rao,Finance,2026-04-02,Beauty,13094,450,73,27,550,REF00785,TikTok,2026-04-02 12:00:00,366,CUST5395,TXN00785,2026-04-05 00:00:00,14,14,0,51796.15,Coffee Maker,Home
CAM031,Holiday Offers,CR003,Rohan Kapoor,Tech,2026-06-10,Fitness,7740,364,52,30,446,REF00786,Instagram,2026-06-10 05:00:00,281,CUST2671,TXN00786,2026-06-17 00:00:00,14,12,2,40724.59,Wireless Earbuds,Electronics
CAM018,Premium Picks,CR007,Kabir Singh,Gaming,2026-04-13,Fashion,15631,504,36,38,578,REF00787,Instagram,2026-04-13 10:00:00,345,CUST3718,TXN00787,2026-04-20 00:00:00,15,15,0,21998.45,Skincare Kit,Beauty
CAM021,Mega Savings,CR004,Isha Verma,Beauty,2026-06-22,Electronics,12479,681,77,75,833,REF00788,Instagram,2026-06-22 03:00:00,238,CUST9685,TXN00788,2026-06-28 00:00:00,12,12,0,57074.76,Gaming Headset,Gaming
CAM041,Creator Spotlight,CR008,Sara Khan,Food,2026-02-12,Home,3574,148,10,18,176,REF00789,YouTube,2026-02-12 05:00:00,76,CUST6216,TXN00789,2026-02-18 00:00:00,3,2,1,10067.7,Protein Powder,Fitness
CAM025,Back to College,CR001,Aarav Mehta,Lifestyle,2026-05-24,Travel,4299,208,19,18,245,REF00790,Facebook,2026-05-24 16:00:00,143,CUST7212,TXN00790,2026-05-29 00:00:00,4,2,2,19643.29,Coffee Maker,Home
CAM022,Creator Spotlight,CR012,Kavya Iyer,Fashion,2026-04-09,Home,9619,226,26,30,282,REF00791,YouTube,2026-04-09 23:00:00,169,CUST1435,TXN00791,2026-04-10 00:00:00,4,4,0,20225.22,Gaming Headset,Gaming
CAM007,Premium Picks,CR008,Sara Khan,Food,2026-02-11,Home,7210,309,46,25,380,REF00792,Email,2026-02-11 03:00:00,289,CUST2709,TXN00792,2026-02-18 00:00:00,16,15,1,53383.08,Sneakers,Fashion
CAM052,Summer Launch,CR010,Diya Joshi,Lifestyle,2026-05-22,Beauty,8509,372,43,49,464,REF00793,Google,2026-05-22 05:00:00,227,CUST9643,TXN00793,2026-05-28 00:00:00,11,7,4,62291.23,Smartwatch,Electronics
CAM008,Mega Savings,CR005,Vihaan Patel,Fitness,2026-03-22,Fashion,10540,572,63,48,683,REF00794,Instagram,2026-03-22 05:00:00,455,CUST9033,TXN00794,2026-03-27 00:00:00,24,17,7,71430.96,Coffee Maker,Home
CAM025,Monsoon Sale,CR006,Meera Nair,Travel,2026-04-22,Gaming,4777,204,26,18,248,REF00795,Instagram,2026-04-22 04:00:00,143,CUST3309,TXN00795,2026-04-24 00:00:00,7,7,0,18545.02,Coffee Maker,Home
CAM042,Mega Savings,CR004,Isha Verma,Beauty,2026-02-09,Electronics,5426,273,38,18,329,REF00796,Instagram,2026-02-09 20:00:00,149,CUST4348,TXN00796,2026-02-16 00:00:00,8,6,2,33726.72,Wireless Earbuds,Electronics
CAM001,Mega Savings,CR009,Arjun Rao,Finance,2026-04-15,Gaming,15577,732,72,45,849,REF00797,Direct,2026-04-15 03:00:00,304,CUST2792,TXN00797,2026-04-24 00:00:00,17,16,1,46404.35,Gaming Headset,Gaming
CAM026,Summer Launch,CR012,Kavya Iyer,Fashion,2026-06-09,Beauty,9674,171,15,13,199,REF00798,Google,2026-06-09 03:00:00,157,CUST2493,TXN00798,2026-06-18 00:00:00,11,10,1,29422.1,Travel Backpack,Travel
CAM052,Summer Launch,CR009,Arjun Rao,Finance,2026-02-19,Electronics,4815,202,19,26,247,REF00799,Instagram,2026-02-19 16:00:00,136,CUST4563,TXN00799,2026-02-26 00:00:00,4,4,0,11595.14,Smartwatch,Electronics
CAM014,Holiday Offers,CR010,Diya Joshi,Lifestyle,2026-03-16,Home,6647,235,32,25,292,REF00800,Direct,2026-03-16 20:00:00,209,CUST7187,TXN00800,2026-03-20 00:00:00,10,10,0,14415.69,Skincare Kit,Beauty
CAM040,New Collection,CR008,Sara Khan,Food,2026-03-28,Gaming,6109,255,20,23,298,REF00801,Facebook,2026-03-28 01:00:00,197,CUST7450,TXN00801,2026-03-30 00:00:00,13,9,4,31726.65,Protein Powder,Fitness
CAM013,Mega Savings,CR004,Isha Verma,Beauty,2026-05-07,Gaming,5189,136,18,15,169,REF00802,Facebook,2026-05-07 02:00:00,90,CUST5074,TXN00802,2026-05-12 00:00:00,7,6,1,18891.62,Travel Backpack,Travel
CAM049,Creator Spotlight,CR005,Vihaan Patel,Fitness,2026-05-23,Beauty,11062,353,39,43,435,REF00803,Direct,2026-05-23 01:00:00,215,CUST8644,TXN00803,2026-05-24 00:00:00,14,13,1,62765.0,Coffee Maker,Home
CAM056,Creator Spotlight,CR009,Arjun Rao,Finance,2026-01-17,Home,5347,285,27,15,327,REF00804,Instagram,2026-01-17 01:00:00,155,CUST8035,TXN00804,2026-01-26 00:00:00,6,5,1,15546.55,Protein Powder,Fitness
CAM035,Monsoon Sale,CR009,Arjun Rao,Finance,2026-06-06,Gaming,8021,353,43,31,427,REF00805,TikTok,2026-06-06 11:00:00,206,CUST6720,TXN00805,2026-06-09 00:00:00,7,6,1,9690.07,Skincare Kit,Beauty
CAM018,Mega Savings,CR005,Vihaan Patel,Fitness,2026-03-12,Fitness,7576,243,21,12,276,REF00806,Instagram,2026-03-12 02:00:00,171,CUST1687,TXN00806,2026-03-17 00:00:00,15,11,4,40749.03,Protein Powder,Fitness
CAM046,Creator Spotlight,CR005,Vihaan Patel,Fitness,2026-06-29,Home,5812,267,29,21,317,REF00807,Google,2026-06-29 22:00:00,196,CUST4198,TXN00807,2026-07-01 00:00:00,10,8,2,25158.42,Sneakers,Fashion
CAM002,Festive Picks,CR005,Vihaan Patel,Fitness,2026-05-31,Travel,5606,126,17,10,153,REF00808,Instagram,2026-05-31 10:00:00,59,CUST2542,TXN00808,2026-06-01 00:00:00,2,2,0,4612.49,Gaming Headset,Gaming
CAM006,Spring Refresh,CR005,Vihaan Patel,Fitness,2026-05-31,Gaming,6481,323,40,42,405,REF00809,TikTok,2026-05-31 18:00:00,198,CUST7150,TXN00809,2026-06-05 00:00:00,5,4,1,9128.33,Sneakers,Fashion
CAM013,Creator Spotlight,CR001,Aarav Mehta,Lifestyle,2026-05-04,Fitness,8217,419,28,50,497,REF00810,Instagram,2026-05-04 21:00:00,273,CUST8723,TXN00810,2026-05-13 00:00:00,10,9,1,28177.39,Protein Powder,Fitness
CAM043,New Collection,CR012,Kavya Iyer,Fashion,2026-05-15,Home,6956,221,20,13,254,REF00811,Instagram,2026-05-15 17:00:00,177,CUST2199,TXN00811,2026-05-17 00:00:00,17,14,3,30505.31,Travel Backpack,Travel
CAM021,Monsoon Sale,CR008,Sara Khan,Food,2026-03-29,Food,13632,558,46,63,667,REF00812,Email,2026-03-29 15:00:00,543,CUST4057,TXN00812,2026-04-06 00:00:00,27,23,4,34291.47,Skincare Kit,Beauty
CAM050,Festive Picks,CR003,Rohan Kapoor,Tech,2026-05-31,Gaming,6822,317,30,16,363,REF00813,Facebook,2026-05-31 23:00:00,172,CUST4071,TXN00813,2026-06-01 00:00:00,9,9,0,17802.22,Skincare Kit,Beauty
CAM028,Festive Picks,CR010,Diya Joshi,Lifestyle,2026-04-26,Home,5381,133,17,14,164,REF00814,Email,2026-04-26 02:00:00,75,CUST4787,TXN00814,2026-05-03 00:00:00,6,5,1,29292.5,Smartwatch,Electronics
CAM030,Weekend Flash,CR001,Aarav Mehta,Lifestyle,2026-05-07,Beauty,9067,462,46,25,533,REF00815,Email,2026-05-07 06:00:00,306,CUST4922,TXN00815,2026-05-10 00:00:00,16,13,3,39529.94,Protein Powder,Fitness
CAM052,Festive Picks,CR011,Aditya Deshmukh,Tech,2026-06-02,Fashion,5076,210,14,18,242,REF00816,Google,2026-06-02 06:00:00,153,CUST8280,TXN00816,2026-06-11 00:00:00,9,8,1,36306.11,Wireless Earbuds,Electronics
CAM056,Mega Savings,CR007,Kabir Singh,Gaming,2026-03-23,Fitness,5619,340,51,25,416,REF00817,Instagram,2026-03-23 15:00:00,165,CUST1210,TXN00817,2026-03-24 00:00:00,13,12,1,54373.33,Coffee Maker,Home
CAM045,Summer Launch,CR005,Vihaan Patel,Fitness,2026-03-12,Gaming,7946,260,26,17,303,REF00818,TikTok,2026-03-12 17:00:00,217,CUST9699,TXN00818,2026-03-14 00:00:00,11,10,1,38371.57,Sneakers,Fashion
CAM026,Weekend Flash,CR012,Kavya Iyer,Fashion,2026-01-11,Electronics,3116,150,10,12,172,REF00819,Facebook,2026-01-11 18:00:00,81,CUST4021,TXN00819,2026-01-15 00:00:00,5,5,0,8111.94,Protein Powder,Fitness
CAM051,Festive Picks,CR008,Sara Khan,Food,2026-06-05,Beauty,9716,326,27,20,373,REF00820,Google,2026-06-05 21:00:00,315,CUST6441,TXN00820,2026-06-12 00:00:00,6,4,2,13256.2,Gaming Headset,Gaming
CAM010,Festive Picks,CR009,Arjun Rao,Finance,2026-06-05,Electronics,7857,363,31,21,415,REF00821,Instagram,2026-06-05 01:00:00,295,CUST7985,TXN00821,2026-06-11 00:00:00,20,15,5,42306.6,Gaming Headset,Gaming
CAM003,Product Launch,CR012,Kavya Iyer,Fashion,2026-04-14,Food,9010,316,36,32,384,REF00822,Email,2026-04-14 13:00:00,233,CUST9867,TXN00822,2026-04-16 00:00:00,25,22,3,53667.23,Protein Powder,Fitness
CAM022,Monsoon Sale,CR010,Diya Joshi,Lifestyle,2026-01-11,Beauty,5506,211,29,15,255,REF00823,Instagram,2026-01-11 10:00:00,124,CUST4598,TXN00823,2026-01-17 00:00:00,1,1,0,5548.67,Smartwatch,Electronics
CAM046,Holiday Offers,CR011,Aditya Deshmukh,Tech,2026-05-21,Fitness,4544,190,16,21,227,REF00824,Instagram,2026-05-21 16:00:00,129,CUST9277,TXN00824,2026-05-23 00:00:00,7,5,2,11235.58,Protein Powder,Fitness
CAM048,Product Launch,CR011,Aditya Deshmukh,Tech,2026-04-27,Gaming,7875,221,27,25,273,REF00825,Google,2026-04-27 09:00:00,149,CUST2339,TXN00825,2026-04-30 00:00:00,11,10,1,29520.93,Travel Backpack,Travel
CAM001,Creator Spotlight,CR007,Kabir Singh,Gaming,2026-01-04,Electronics,2861,143,16,14,173,REF00826,TikTok,2026-01-04 10:00:00,78,CUST8204,TXN00826,2026-01-05 00:00:00,3,3,0,4444.23,Skincare Kit,Beauty
CAM021,Product Launch,CR012,Kavya Iyer,Fashion,2026-05-03,Gaming,6729,195,30,21,246,REF00827,TikTok,2026-05-03 07:00:00,242,CUST2293,TXN00827,2026-05-07 00:00:00,6,6,0,12717.74,Skincare Kit,Beauty
CAM021,Spring Refresh,CR006,Meera Nair,Travel,2026-04-09,Beauty,4033,147,18,12,177,REF00828,Google,2026-04-09 15:00:00,119,CUST5972,TXN00828,2026-04-14 00:00:00,5,5,0,6627.05,Skincare Kit,Beauty
CAM049,Monsoon Sale,CR011,Aditya Deshmukh,Tech,2026-05-18,Beauty,6186,234,20,19,273,REF00829,Instagram,2026-05-18 20:00:00,176,CUST8682,TXN00829,2026-05-23 00:00:00,8,8,0,20117.96,Wireless Earbuds,Electronics
CAM019,Holiday Offers,CR007,Kabir Singh,Gaming,2026-03-10,Fashion,18649,851,118,55,1024,REF00830,Instagram,2026-03-10 04:00:00,529,CUST2553,TXN00830,2026-03-14 00:00:00,20,17,3,106164.46,Gaming Headset,Gaming
CAM020,Weekend Flash,CR007,Kabir Singh,Gaming,2026-04-07,Food,4409,142,19,15,176,REF00831,Email,2026-04-07 16:00:00,170,CUST5783,TXN00831,2026-04-13 00:00:00,8,8,0,25109.01,Gaming Headset,Gaming
CAM048,New Collection,CR009,Arjun Rao,Finance,2026-05-23,Home,6481,268,31,32,331,REF00832,Google,2026-05-23 13:00:00,116,CUST6224,TXN00832,2026-06-01 00:00:00,7,7,0,15152.51,Skincare Kit,Beauty
CAM052,Premium Picks,CR002,Ananya Sharma,Fashion,2026-02-21,Fashion,7324,338,51,38,427,REF00833,Google,2026-02-21 12:00:00,228,CUST3816,TXN00833,2026-03-01 00:00:00,7,6,1,21672.58,Protein Powder,Fitness
CAM060,Product Launch,CR006,Meera Nair,Travel,2026-05-23,Electronics,5709,189,16,10,215,REF00834,Instagram,2026-05-23 01:00:00,145,CUST1657,TXN00834,2026-05-24 00:00:00,7,6,1,21571.66,Protein Powder,Fitness
CAM028,Product Launch,CR007,Kabir Singh,Gaming,2026-01-19,Fitness,8121,453,55,38,546,REF00835,TikTok,2026-01-19 11:00:00,142,CUST4661,TXN00835,2026-01-22 00:00:00,9,6,3,29749.01,Coffee Maker,Home
CAM001,Creator Spotlight,CR002,Ananya Sharma,Fashion,2026-03-24,,9710,444,37,25,506,REF00836,TikTok,2026-03-24 23:00:00,206,CUST6796,TXN00836,2026-03-28 00:00:00,4,2,2,6205.41,Protein Powder,Fitness
CAM058,Premium Picks,CR011,Aditya Deshmukh,Tech,2026-04-27,Food,9459,416,29,36,481,REF00837,Instagram,2026-04-27 21:00:00,269,CUST1394,TXN00837,2026-05-01 00:00:00,12,12,0,54968.63,Sneakers,Fashion
CAM015,Monsoon Sale,CR001,Aarav Mehta,Lifestyle,2026-02-13,Electronics,4055,158,15,15,188,REF00838,Instagram,2026-02-13 01:00:00,141,CUST3005,TXN00838,2026-02-17 00:00:00,5,5,0,18023.5,Sneakers,Fashion
CAM019,New Collection,CR004,Isha Verma,Beauty,2026-05-04,Gaming,8624,261,18,17,296,REF00839,Facebook,2026-05-04 06:00:00,262,CUST7908,TXN00839,2026-05-10 00:00:00,10,9,1,20892.18,Protein Powder,Fitness
CAM054,Premium Picks,CR005,Vihaan Patel,Fitness,2026-03-02,Gaming,5026,236,27,29,292,REF00840,Instagram,2026-03-02 11:00:00,124,CUST9589,TXN00840,2026-03-08 00:00:00,9,9,0,37244.2,Coffee Maker,Home
CAM048,Premium Picks,CR003,Rohan Kapoor,Tech,2026-06-20,Fitness,3079,186,25,12,223,REF00841,Instagram,2026-06-20 12:00:00,69,CUST9474,TXN00841,2026-06-28 00:00:00,4,4,0,3470.1,Skincare Kit,Beauty
CAM026,Premium Picks,CR006,Meera Nair,Travel,2026-06-05,Electronics,4057,162,23,16,201,REF00842,Google,2026-06-05 07:00:00,155,CUST4503,TXN00842,2026-06-08 00:00:00,8,6,2,31836.9,Sneakers,Fashion
CAM016,Weekend Flash,CR001,Aarav Mehta,Lifestyle,2026-01-29,Beauty,6158,325,42,16,383,REF00843,YouTube,2026-01-29 01:00:00,141,CUST8455,TXN00843,2026-02-03 00:00:00,10,9,1,42409.78,Coffee Maker,Home
CAM035,Spring Refresh,CR008,Sara Khan,Food,2026-05-20,Travel,5512,193,23,14,230,REF00844,Instagram,2026-05-20 05:00:00,154,CUST1265,TXN00844,2026-05-27 00:00:00,14,12,2,54467.07,Wireless Earbuds,Electronics
CAM022,Back to College,CR007,Kabir Singh,Gaming,2026-02-14,Electronics,10925,453,53,26,532,REF00845,Google,2026-02-14 22:00:00,348,CUST7837,TXN00845,2026-02-18 00:00:00,16,14,2,51474.55,Protein Powder,Fitness
CAM021,Monsoon Sale,CR009,Arjun Rao,Finance,2026-02-21,Beauty,14719,529,66,69,664,REF00846,Instagram,2026-02-21 06:00:00,398,CUST8111,TXN00846,2026-03-01 00:00:00,22,17,5,55663.54,Protein Powder,Fitness
CAM010,Summer Launch,CR012,Kavya Iyer,Fashion,2026-01-20,Travel,10784,519,42,33,594,REF00847,YouTube,2026-01-20 11:00:00,297,CUST3958,TXN00847,2026-01-22 00:00:00,9,9,0,27808.24,Protein Powder,Fitness
CAM002,Weekend Flash,CR012,Kavya Iyer,Fashion,2026-04-10,Gaming,6390,269,24,16,309,REF00848,TikTok,2026-04-10 05:00:00,84,CUST1341,TXN00848,2026-04-11 00:00:00,4,2,2,6965.64,Protein Powder,Fitness
CAM054,Holiday Offers,CR009,Arjun Rao,Finance,2026-05-12,Gaming,8225,213,17,16,246,REF00849,Instagram,2026-05-12 03:00:00,189,CUST8301,TXN00849,2026-05-21 00:00:00,6,6,0,20557.6,Wireless Earbuds,Electronics
CAM005,New Collection,CR006,Meera Nair,Travel,2026-04-22,Fashion,3225,148,15,10,173,REF00850,Instagram,2026-04-22 02:00:00,123,CUST9217,TXN00850,2026-04-28 00:00:00,8,7,1,19749.62,Gaming Headset,Gaming
CAM029,Festive Picks,CR012,Kavya Iyer,Fashion,2026-03-12,Beauty,8280,436,51,52,539,REF00851,Direct,2026-03-12 13:00:00,208,CUST8752,TXN00851,2026-03-19 00:00:00,8,7,1,41260.76,Smartwatch,Electronics
CAM024,Weekend Flash,CR003,Rohan Kapoor,Tech,2026-01-20,Electronics,7505,339,25,29,393,REF00852,YouTube,2026-01-20 13:00:00,270,CUST5756,TXN00852,2026-01-29 00:00:00,17,16,1,47258.93,Wireless Earbuds,Electronics
CAM026,Product Launch,CR002,Ananya Sharma,Fashion,2026-02-28,Home,3461,126,14,12,152,REF00853,Instagram,2026-02-28 07:00:00,113,CUST7905,TXN00853,2026-03-03 00:00:00,3,2,1,16492.91,Smartwatch,Electronics
CAM002,Product Launch,CR001,Aarav Mehta,Lifestyle,2026-02-19,Home,6771,326,46,29,401,REF00854,Google,2026-02-19 03:00:00,194,CUST2756,TXN00854,2026-02-26 00:00:00,12,8,4,40326.75,Sneakers,Fashion
CAM046,Premium Picks,CR003,Rohan Kapoor,Tech,2026-02-23,Travel,7667,387,53,50,490,REF00855,YouTube,2026-02-23 21:00:00,189,CUST2746,TXN00855,2026-02-26 00:00:00,21,21,0,114874.34,Smartwatch,Electronics
CAM034,Festive Picks,CR005,Vihaan Patel,Fitness,2026-01-18,Food,10022,406,57,42,505,REF00856,Email,2026-01-18 10:00:00,317,CUST8892,TXN00856,2026-01-21 00:00:00,8,8,0,36405.77,Smartwatch,Electronics
CAM021,Summer Launch,CR002,Ananya Sharma,Fashion,2026-06-17,Beauty,6703,301,42,37,380,REF00857,TikTok,2026-06-17 08:00:00,182,CUST7714,TXN00857,2026-06-26 00:00:00,7,6,1,31921.8,Sneakers,Fashion
CAM051,Product Launch,CR011,Aditya Deshmukh,Tech,2026-02-19,,13957,661,45,49,755,REF00858,Instagram,2026-02-19 04:00:00,463,CUST7146,TXN00858,2026-02-22 00:00:00,18,18,0,42840.13,Coffee Maker,Home
CAM050,Mega Savings,CR008,Sara Khan,Food,2026-05-04,Gaming,5013,250,20,29,299,REF00859,Facebook,2026-05-04 09:00:00,169,CUST7035,TXN00859,2026-05-06 00:00:00,6,5,1,8227.59,Travel Backpack,Travel
CAM046,Monsoon Sale,CR006,Meera Nair,Travel,2026-05-03,Fashion,17061,527,42,57,626,REF00860,Google,2026-05-03 16:00:00,255,CUST2503,TXN00860,2026-05-06 00:00:00,16,16,0,39285.38,Travel Backpack,Travel
CAM054,Mega Savings,CR007,Kabir Singh,Gaming,2026-06-04,Home,5081,204,32,22,258,REF00861,Facebook,2026-06-04 15:00:00,101,CUST2421,TXN00861,2026-06-11 00:00:00,10,9,1,24374.24,Wireless Earbuds,Electronics
CAM036,Mega Savings,CR006,Meera Nair,Travel,2026-02-05,Gaming,9503,422,60,34,516,REF00862,Instagram,2026-02-05 19:00:00,286,CUST1877,TXN00862,2026-02-08 00:00:00,10,10,0,14328.72,Skincare Kit,Beauty
CAM058,Monsoon Sale,CR004,Isha Verma,Beauty,2026-05-18,Gaming,11229,335,46,18,399,REF00863,TikTok,2026-05-18 22:00:00,229,CUST3308,TXN00863,2026-05-27 00:00:00,7,7,0,15840.18,Gaming Headset,Gaming
CAM009,Weekend Flash,CR002,Ananya Sharma,Fashion,2026-03-25,Food,2790,112,7,6,125,REF00864,Direct,2026-03-25 22:00:00,61,CUST3264,TXN00864,2026-03-31 00:00:00,3,3,0,12130.59,Gaming Headset,Gaming
CAM012,Festive Picks,CR006,Meera Nair,Travel,2026-05-09,Home,17617,628,69,62,759,REF00865,Instagram,2026-05-09 22:00:00,411,CUST4110,TXN00865,2026-05-16 00:00:00,19,16,3,38269.89,Protein Powder,Fitness
CAM045,Spring Refresh,CR011,Aditya Deshmukh,Tech,2026-06-05,Fitness,5888,202,16,26,244,REF00866,Instagram,2026-06-05 08:00:00,140,CUST6303,TXN00866,2026-06-06 00:00:00,9,7,2,27036.43,Sneakers,Fashion
CAM017,Monsoon Sale,CR004,Isha Verma,Beauty,2026-01-05,Beauty,4535,176,19,15,210,REF00867,Instagram,2026-01-05 05:00:00,100,CUST4790,TXN00867,2026-01-09 00:00:00,4,4,0,13321.96,Protein Powder,Fitness
CAM050,Spring Refresh,CR002,Ananya Sharma,Fashion,2026-02-01,Home,11483,500,47,51,598,REF00868,YouTube,2026-02-01 23:00:00,248,CUST5680,TXN00868,2026-02-02 00:00:00,11,11,0,20497.01,Skincare Kit,Beauty
CAM034,Summer Launch,CR009,Arjun Rao,Finance,2026-03-29,Beauty,4469,178,13,11,202,REF00869,YouTube,2026-03-29 17:00:00,168,CUST2509,TXN00869,2026-04-06 00:00:00,7,6,1,42233.91,Smartwatch,Electronics
CAM059,Product Launch,CR005,Vihaan Patel,Fitness,2026-01-21,Gaming,14765,634,49,37,720,REF00870,Google,2026-01-21 12:00:00,319,CUST2242,TXN00870,2026-01-26 00:00:00,9,8,1,29818.6,Sneakers,Fashion
CAM039,Summer Launch,CR001,Aarav Mehta,Lifestyle,2026-05-28,Fashion,5775,252,17,33,302,REF00871,Instagram,2026-05-28 09:00:00,104,CUST3903,TXN00871,2026-05-31 00:00:00,7,6,1,13880.53,Travel Backpack,Travel
CAM029,Festive Picks,CR008,Sara Khan,Food,2026-02-17,Beauty,9592,397,52,34,483,REF00872,Facebook,2026-02-17 05:00:00,230,CUST6190,TXN00872,2026-02-21 00:00:00,18,16,2,80477.72,Smartwatch,Electronics
CAM047,Holiday Offers,CR006,Meera Nair,Travel,2026-05-20,Fitness,8906,300,39,17,356,REF00873,Instagram,2026-05-20 02:00:00,279,CUST2941,TXN00873,2026-05-26 00:00:00,15,10,5,70798.59,Sneakers,Fashion
CAM044,Monsoon Sale,CR001,Aarav Mehta,Lifestyle,2026-01-06,Home,7935,239,28,18,285,REF00874,YouTube,2026-01-06 11:00:00,195,CUST9039,TXN00874,2026-01-10 00:00:00,12,9,3,48085.45,Coffee Maker,Home
CAM057,Festive Picks,CR003,Rohan Kapoor,Tech,2026-01-05,Fashion,9096,534,46,62,642,REF00875,TikTok,2026-01-05 08:00:00,263,CUST1115,TXN00875,2026-01-08 00:00:00,17,17,0,44817.67,Coffee Maker,Home
CAM003,Festive Picks,CR011,Aditya Deshmukh,Tech,2026-03-08,Beauty,7062,265,17,19,301,REF00876,Google,2026-03-08 18:00:00,146,CUST9875,TXN00876,2026-03-11 00:00:00,14,13,1,18108.47,Skincare Kit,Beauty
CAM008,Spring Refresh,CR003,Rohan Kapoor,Tech,2026-03-01,Fashion,6828,320,47,25,392,REF00877,TikTok,2026-03-01 01:00:00,137,CUST7110,TXN00877,2026-03-06 00:00:00,1,0,1,2591.81,Protein Powder,Fitness
CAM054,Summer Launch,CR009,Arjun Rao,Finance,2026-03-14,Gaming,7802,430,46,33,509,REF00878,Email,2026-03-14 21:00:00,301,CUST2599,TXN00878,2026-03-16 00:00:00,18,14,4,38132.37,Skincare Kit,Beauty
CAM035,Holiday Offers,CR002,Ananya Sharma,Fashion,2026-04-01,Food,4460,204,32,19,255,REF00879,Instagram,2026-04-01 21:00:00,128,CUST2832,TXN00879,2026-04-05 00:00:00,4,4,0,6899.96,Protein Powder,Fitness
CAM021,Monsoon Sale,CR002,Ananya Sharma,Fashion,2026-02-04,Gaming,4316,221,17,21,259,REF00880,Instagram,2026-02-04 21:00:00,82,CUST3315,TXN00880,2026-02-10 00:00:00,3,3,0,9811.25,Sneakers,Fashion
CAM003,Back to College,CR012,Kavya Iyer,Fashion,2026-06-27,Food,6013,263,27,14,304,REF00881,Instagram,2026-06-27 21:00:00,138,CUST5358,TXN00881,2026-07-06 00:00:00,10,9,1,63749.95,Smartwatch,Electronics
CAM041,Premium Picks,CR010,Diya Joshi,Lifestyle,2026-02-21,Food,6291,272,25,26,323,REF00882,Facebook,2026-02-21 17:00:00,159,CUST9415,TXN00882,2026-02-26 00:00:00,4,4,0,4343.61,Skincare Kit,Beauty
CAM006,Back to College,CR004,Isha Verma,Beauty,2026-05-28,Food,6618,329,36,39,404,REF00883,Facebook,2026-05-28 16:00:00,257,CUST9882,TXN00883,2026-06-06 00:00:00,15,13,2,43378.23,Travel Backpack,Travel
CAM044,Spring Refresh,CR007,Kabir Singh,Gaming,2026-04-15,Gaming,4899,229,28,21,278,REF00884,Direct,2026-04-15 18:00:00,148,CUST8218,TXN00884,2026-04-18 00:00:00,15,13,2,36259.11,Coffee Maker,Home
CAM050,Monsoon Sale,CR008,Sara Khan,Food,2026-05-23,Fitness,7016,409,36,49,494,REF00885,Facebook,2026-05-23 14:00:00,221,CUST7266,TXN00885,2026-05-29 00:00:00,10,10,0,43539.77,Wireless Earbuds,Electronics
CAM024,Creator Spotlight,CR006,Meera Nair,Travel,2026-05-07,Beauty,2768,137,13,8,158,REF00886,YouTube,2026-05-07 19:00:00,62,CUST3768,TXN00886,2026-05-08 00:00:00,1,1,0,2981.53,Protein Powder,Fitness
CAM054,Weekend Flash,CR006,Meera Nair,Travel,2026-05-04,Electronics,12516,667,99,79,845,REF00887,Instagram,2026-05-04 03:00:00,414,CUST8906,TXN00887,2026-05-13 00:00:00,25,22,3,93159.48,Sneakers,Fashion
CAM042,Premium Picks,CR004,Isha Verma,Beauty,2026-03-04,Electronics,4804,173,18,22,213,REF00888,Direct,2026-03-04 05:00:00,91,CUST1462,TXN00888,2026-03-08 00:00:00,6,6,0,23665.98,Sneakers,Fashion
CAM012,Mega Savings,CR010,Diya Joshi,Lifestyle,2026-02-23,Gaming,14995,556,78,58,692,REF00889,Instagram,2026-02-23 09:00:00,414,CUST8805,TXN00889,2026-02-27 00:00:00,3,3,0,12522.47,Gaming Headset,Gaming
CAM060,Spring Refresh,CR001,Aarav Mehta,Lifestyle,2026-05-07,Home,5611,239,31,31,301,REF00890,Facebook,2026-05-07 08:00:00,200,CUST9687,TXN00890,2026-05-09 00:00:00,13,12,1,53285.49,Gaming Headset,Gaming
CAM013,Premium Picks,CR011,Aditya Deshmukh,Tech,2026-01-09,Fashion,12263,494,75,35,604,REF00891,Google,2026-01-09 01:00:00,400,CUST7172,TXN00891,2026-01-15 00:00:00,25,22,3,55550.76,Coffee Maker,Home
CAM006,New Collection,CR008,Sara Khan,Food,2026-05-25,Fitness,4796,150,17,9,176,REF00892,Email,2026-05-25 22:00:00,135,CUST3451,TXN00892,2026-05-27 00:00:00,4,3,1,3917.49,Skincare Kit,Beauty
CAM009,New Collection,CR011,Aditya Deshmukh,Tech,2026-02-22,Electronics,19557,1082,181,96,1359,REF00893,YouTube,2026-02-22 16:00:00,577,CUST7486,TXN00893,2026-03-02 00:00:00,36,33,3,64272.37,Travel Backpack,Travel
CAM008,Mega Savings,CR002,Ananya Sharma,Fashion,2026-01-09,Home,9668,392,52,46,490,REF00894,Instagram,2026-01-09 15:00:00,286,CUST6752,TXN00894,2026-01-15 00:00:00,17,14,3,24242.26,Skincare Kit,Beauty
CAM030,Premium Picks,CR010,Diya Joshi,Lifestyle,2026-06-28,Electronics,4140,184,25,14,223,REF00895,Email,2026-06-28 02:00:00,171,CUST1731,TXN00895,2026-07-05 00:00:00,11,8,3,53037.39,Gaming Headset,Gaming
CAM012,Back to College,CR005,Vihaan Patel,Fitness,2026-03-22,Travel,6515,294,27,33,354,REF00896,Instagram,2026-03-22 11:00:00,229,CUST1328,TXN00896,2026-03-31 00:00:00,9,7,2,31336.99,Gaming Headset,Gaming
CAM052,Festive Picks,CR012,Kavya Iyer,Fashion,2026-05-18,Food,5129,217,21,14,252,REF00897,Instagram,2026-05-18 02:00:00,107,CUST4942,TXN00897,2026-05-19 00:00:00,2,2,0,5319.5,Wireless Earbuds,Electronics
CAM027,Spring Refresh,CR001,Aarav Mehta,Lifestyle,2026-02-28,Home,4503,241,35,21,297,REF00898,TikTok,2026-02-28 03:00:00,94,CUST1227,TXN00898,2026-03-01 00:00:00,3,2,1,2742.12,Skincare Kit,Beauty
CAM017,Creator Spotlight,CR012,Kavya Iyer,Fashion,2026-06-05,Home,9947,495,82,67,644,REF00899,Instagram,2026-06-05 12:00:00,249,CUST5620,TXN00899,2026-06-06 00:00:00,9,7,2,23444.89,Sneakers,Fashion
CAM030,Festive Picks,CR010,Diya Joshi,Lifestyle,2026-05-21,Food,8841,270,23,17,310,REF00900,YouTube,2026-05-21 20:00:00,224,CUST2778,TXN00900,2026-05-24 00:00:00,8,5,3,14677.63,Skincare Kit,Beauty
CAM036,Product Launch,CR004,Isha Verma,Beauty,2026-04-15,Electronics,7572,358,45,41,444,REF00901,Email,2026-04-15 23:00:00,207,CUST9666,TXN00901,2026-04-19 00:00:00,13,10,3,16195.15,Skincare Kit,Beauty
CAM003,Summer Launch,CR007,Kabir Singh,Gaming,2026-06-26,Fitness,9884,293,34,33,360,REF00902,Facebook,2026-06-26 06:00:00,251,CUST5216,TXN00902,2026-07-02 00:00:00,16,14,2,33045.01,Protein Powder,Fitness
CAM027,Back to College,CR011,Aditya Deshmukh,Tech,2026-05-30,Gaming,9106,428,46,36,510,REF00903,Instagram,2026-05-30 10:00:00,313,CUST1966,TXN00903,2026-06-07 00:00:00,20,16,4,31763.47,Travel Backpack,Travel
CAM046,Back to College,CR008,Sara Khan,Food,2026-03-20,Electronics,7881,295,44,24,363,REF00904,Facebook,2026-03-20 13:00:00,225,CUST5553,TXN00904,2026-03-21 00:00:00,17,17,0,42909.39,Sneakers,Fashion
CAM028,Product Launch,CR006,Meera Nair,Travel,2026-06-13,Fitness,5859,133,21,8,162,REF00905,Email,2026-06-13 11:00:00,143,CUST6754,TXN00905,2026-06-15 00:00:00,11,9,2,7706.83,Skincare Kit,Beauty
CAM020,Creator Spotlight,CR006,Meera Nair,Travel,2026-05-18,Gaming,10452,324,33,36,393,REF00906,Instagram,2026-05-18 05:00:00,241,CUST9181,TXN00906,2026-05-24 00:00:00,10,7,3,18778.46,Skincare Kit,Beauty
CAM004,Monsoon Sale,CR007,Kabir Singh,Gaming,2026-03-07,Electronics,8218,319,43,36,398,REF00907,Google,2026-03-07 10:00:00,233,CUST8305,TXN00907,2026-03-13 00:00:00,10,7,3,32215.11,Protein Powder,Fitness
CAM030,New Collection,CR002,Ananya Sharma,Fashion,2026-06-18,Home,5454,259,32,25,316,REF00908,Google,2026-06-18 22:00:00,136,CUST1396,TXN00908,2026-06-23 00:00:00,12,11,1,38658.86,Wireless Earbuds,Electronics
CAM055,New Collection,CR001,Aarav Mehta,Lifestyle,2026-02-13,Gaming,10111,504,60,32,596,REF00909,Direct,2026-02-13 12:00:00,232,CUST4149,TXN00909,2026-02-18 00:00:00,12,11,1,56268.76,Sneakers,Fashion
CAM057,Product Launch,CR004,Isha Verma,Beauty,2026-03-23,Travel,5002,213,24,22,259,REF00910,Google,2026-03-23 17:00:00,140,CUST9369,TXN00910,2026-03-28 00:00:00,8,5,3,37701.95,Gaming Headset,Gaming
CAM019,Weekend Flash,CR002,Ananya Sharma,Fashion,2026-02-23,Fashion,15252,578,44,43,665,REF00911,Direct,2026-02-23 19:00:00,354,CUST7097,TXN00911,2026-03-03 00:00:00,22,15,7,35718.66,Travel Backpack,Travel
CAM048,Spring Refresh,CR012,Kavya Iyer,Fashion,2026-04-11,Home,6114,292,39,19,350,REF00912,Google,2026-04-11 21:00:00,218,CUST3373,TXN00912,2026-04-15 00:00:00,10,7,3,26115.77,Sneakers,Fashion
CAM009,Weekend Flash,CR001,Aarav Mehta,Lifestyle,2026-01-18,Fitness,6188,219,33,23,275,REF00913,Google,2026-01-18 18:00:00,95,CUST4929,TXN00913,2026-01-27 00:00:00,2,2,0,2542.98,Skincare Kit,Beauty
CAM045,Monsoon Sale,CR003,Rohan Kapoor,Tech,2026-01-31,Fitness,13173,650,89,87,826,REF00914,Instagram,2026-01-31 07:00:00,379,CUST7353,TXN00914,2026-02-05 00:00:00,22,21,1,67870.98,Wireless Earbuds,Electronics
CAM002,New Collection,CR003,Rohan Kapoor,Tech,2026-04-07,Gaming,8479,304,22,23,349,REF00915,Facebook,2026-04-07 21:00:00,206,CUST9393,TXN00915,2026-04-09 00:00:00,9,8,1,20652.5,Travel Backpack,Travel
CAM005,Weekend Flash,CR011,Aditya Deshmukh,Tech,2026-06-13,Food,12341,275,22,30,327,REF00916,Google,2026-06-13 12:00:00,217,CUST6002,TXN00916,2026-06-22 00:00:00,12,8,4,27752.62,Coffee Maker,Home
CAM014,Spring Refresh,CR011,Aditya Deshmukh,Tech,2026-01-03,Food,5614,321,42,26,389,REF00917,Instagram,2026-01-03 03:00:00,149,CUST2318,TXN00917,2026-01-06 00:00:00,15,13,2,45531.02,Gaming Headset,Gaming
CAM028,Holiday Offers,CR003,Rohan Kapoor,Tech,2026-06-07,Home,8283,470,69,63,602,REF00918,Instagram,2026-06-07 15:00:00,171,CUST6823,TXN00918,2026-06-09 00:00:00,7,4,3,15487.21,Travel Backpack,Travel
CAM017,Mega Savings,CR008,Sara Khan,Food,2026-04-06,Food,3997,177,25,9,211,REF00919,Google,2026-04-06 21:00:00,54,CUST7028,TXN00919,2026-04-11 00:00:00,4,4,0,13585.23,Protein Powder,Fitness
CAM028,Weekend Flash,CR005,Vihaan Patel,Fitness,2026-02-13,Gaming,6665,239,35,28,302,REF00920,Email,2026-02-13 08:00:00,158,CUST2610,TXN00920,2026-02-15 00:00:00,4,4,0,6089.87,Protein Powder,Fitness
CAM055,Mega Savings,CR009,Arjun Rao,Finance,2026-01-27,Home,5384,241,15,14,270,REF00921,YouTube,2026-01-27 05:00:00,170,CUST8648,TXN00921,2026-01-28 00:00:00,19,14,5,53554.09,Coffee Maker,Home
CAM021,New Collection,CR005,Vihaan Patel,Fitness,2026-01-24,Gaming,9848,563,68,31,662,REF00922,Google,2026-01-24 15:00:00,378,CUST4757,TXN00922,2026-01-28 00:00:00,15,13,2,38377.84,Coffee Maker,Home
CAM045,Holiday Offers,CR009,Arjun Rao,Finance,2026-06-14,Electronics,15292,587,78,59,724,REF00923,Instagram,2026-06-14 01:00:00,581,CUST7487,TXN00923,2026-06-22 00:00:00,36,32,4,121931.97,Gaming Headset,Gaming
CAM057,Festive Picks,CR008,Sara Khan,Food,2026-06-26,Fashion,7415,295,42,37,374,REF00924,Instagram,2026-06-26 02:00:00,131,CUST4512,TXN00924,2026-07-03 00:00:00,2,2,0,6070.44,Gaming Headset,Gaming
CAM058,Creator Spotlight,CR002,Ananya Sharma,Fashion,2026-04-18,Beauty,6618,318,35,33,386,REF00925,Instagram,2026-04-18 01:00:00,183,CUST4199,TXN00925,2026-04-26 00:00:00,15,14,1,67419.57,Coffee Maker,Home
CAM027,Back to College,CR012,Kavya Iyer,Fashion,2026-04-10,Electronics,4388,182,25,15,222,REF00926,Google,2026-04-10 13:00:00,170,CUST4229,TXN00926,2026-04-12 00:00:00,12,12,0,26001.87,Skincare Kit,Beauty
CAM046,Product Launch,CR001,Aarav Mehta,Lifestyle,2026-06-16,Home,13293,867,123,100,1090,REF00927,Direct,2026-06-16 13:00:00,431,CUST3446,TXN00927,2026-06-25 00:00:00,39,34,5,132123.41,Gaming Headset,Gaming
CAM046,Mega Savings,CR003,Rohan Kapoor,Tech,2026-01-31,Beauty,7628,241,29,16,286,REF00928,Facebook,2026-01-31 06:00:00,218,CUST5160,TXN00928,2026-02-06 00:00:00,11,11,0,27749.29,Sneakers,Fashion
CAM002,Spring Refresh,CR003,Rohan Kapoor,Tech,2026-03-04,Food,8104,275,20,16,311,REF00929,YouTube,2026-03-04 12:00:00,291,CUST2765,TXN00929,2026-03-12 00:00:00,26,24,2,58723.62,Travel Backpack,Travel
CAM039,Monsoon Sale,CR009,Arjun Rao,Finance,2026-05-23,Fashion,3661,171,18,16,205,REF00930,Instagram,2026-05-23 08:00:00,133,CUST8012,TXN00930,2026-05-28 00:00:00,6,6,0,14743.0,Gaming Headset,Gaming
CAM037,Festive Picks,CR007,Kabir Singh,Gaming,2026-06-06,Beauty,8461,302,29,18,349,REF00931,Instagram,2026-06-06 23:00:00,100,,,,0,0,0,0.0,Wireless Earbuds,Electronics
CAM048,Premium Picks,CR003,Rohan Kapoor,Tech,2026-03-21,Food,10823,343,39,33,415,REF00932,Facebook,2026-03-21 08:00:00,252,CUST2631,TXN00932,2026-03-26 00:00:00,15,13,2,47106.36,Coffee Maker,Home
CAM052,Product Launch,CR002,Ananya Sharma,Fashion,2026-05-19,Travel,6823,278,39,29,346,REF00933,TikTok,2026-05-19 03:00:00,189,CUST3645,TXN00933,2026-05-26 00:00:00,13,12,1,38621.87,Protein Powder,Fitness
CAM058,Mega Savings,CR005,Vihaan Patel,Fitness,2026-03-10,Electronics,11996,624,95,52,771,REF00934,YouTube,2026-03-10 13:00:00,408,CUST7325,TXN00934,2026-03-15 00:00:00,28,22,6,60261.29,Skincare Kit,Beauty
CAM041,Festive Picks,CR007,Kabir Singh,Gaming,2026-04-11,Beauty,6198,268,36,32,336,REF00935,TikTok,2026-04-11 09:00:00,199,CUST6027,TXN00935,2026-04-18 00:00:00,9,8,1,18160.81,Coffee Maker,Home
CAM045,Summer Launch,CR005,Vihaan Patel,Fitness,2026-01-28,Electronics,32653,2172,258,183,2613,REF00936,Google,2026-01-28 03:00:00,1159,CUST2335,TXN00936,2026-01-31 00:00:00,61,54,7,267496.21,Gaming Headset,Gaming
CAM054,Monsoon Sale,CR004,Isha Verma,Beauty,2026-06-03,Home,6209,234,31,27,292,REF00937,Instagram,2026-06-03 01:00:00,182,CUST7281,TXN00937,2026-06-04 00:00:00,13,9,4,9393.01,Skincare Kit,Beauty
CAM052,Summer Launch,CR004,Isha Verma,Beauty,2026-03-20,Fashion,4601,164,13,15,192,REF00938,Facebook,2026-03-20 15:00:00,84,CUST6144,TXN00938,2026-03-27 00:00:00,6,6,0,19205.74,Wireless Earbuds,Electronics
CAM058,Festive Picks,CR007,Kabir Singh,Gaming,2026-06-03,Fitness,6105,216,30,20,266,REF00939,Instagram,2026-06-03 12:00:00,155,CUST2590,TXN00939,2026-06-11 00:00:00,11,10,1,52633.47,Gaming Headset,Gaming
CAM012,Back to College,CR005,Vihaan Patel,Fitness,2026-05-17,Fashion,11079,378,30,31,439,REF00940,Instagram,2026-05-17 11:00:00,318,CUST6691,TXN00940,2026-05-22 00:00:00,21,17,4,67887.76,Gaming Headset,Gaming
CAM060,Festive Picks,CR008,Sara Khan,Food,2026-03-12,Electronics,4244,210,27,23,260,REF00941,Instagram,2026-03-12 21:00:00,139,CUST5581,TXN00941,2026-03-20 00:00:00,9,8,1,15390.01,Protein Powder,Fitness
CAM034,Spring Refresh,CR009,Arjun Rao,Finance,2026-01-20,Gaming,7504,266,26,32,324,REF00942,YouTube,2026-01-20 05:00:00,184,CUST2957,TXN00942,2026-01-29 00:00:00,9,9,0,24591.89,Travel Backpack,Travel
CAM031,Product Launch,CR007,Kabir Singh,Gaming,2026-04-05,Travel,6427,183,21,24,228,REF00943,Email,2026-04-05 01:00:00,167,CUST2285,TXN00943,2026-04-14 00:00:00,10,10,0,54480.55,Gaming Headset,Gaming
CAM015,New Collection,CR004,Isha Verma,Beauty,2026-03-04,Food,14222,291,24,19,334,REF00944,Instagram,2026-03-04 08:00:00,299,CUST5812,TXN00944,2026-03-06 00:00:00,21,18,3,20248.55,Skincare Kit,Beauty
CAM033,Mega Savings,CR002,Ananya Sharma,Fashion,2026-03-23,Fitness,8954,350,27,36,413,REF00945,Direct,2026-03-23 07:00:00,212,CUST9007,TXN00945,2026-03-29 00:00:00,11,9,2,19584.26,Protein Powder,Fitness
CAM031,Spring Refresh,CR003,Rohan Kapoor,Tech,2026-06-24,Travel,6596,251,40,19,310,REF00946,Facebook,2026-06-24 08:00:00,240,CUST7919,TXN00946,2026-06-27 00:00:00,13,12,1,24299.84,Sneakers,Fashion
CAM024,Summer Launch,CR010,Diya Joshi,Lifestyle,2026-05-10,Electronics,7350,243,20,25,288,REF00947,Instagram,2026-05-10 19:00:00,65,CUST6261,TXN00947,2026-05-18 00:00:00,3,3,0,10270.03,Coffee Maker,Home
CAM041,Back to College,CR001,Aarav Mehta,Lifestyle,2026-03-11,Electronics,6483,367,23,25,415,REF00948,Email,2026-03-11 22:00:00,193,CUST6131,TXN00948,2026-03-17 00:00:00,9,9,0,33804.02,Sneakers,Fashion
CAM028,Creator Spotlight,CR009,Arjun Rao,Finance,2026-02-11,Food,10352,568,51,59,678,REF00949,Direct,2026-02-11 02:00:00,213,CUST4131,TXN00949,2026-02-14 00:00:00,21,20,1,73774.52,Gaming Headset,Gaming
CAM019,Mega Savings,CR001,Aarav Mehta,Lifestyle,2026-03-31,Gaming,6829,409,33,23,465,REF00950,Instagram,2026-03-31 15:00:00,277,CUST1946,TXN00950,2026-04-03 00:00:00,9,7,2,24768.81,Travel Backpack,Travel
CAM025,Spring Refresh,CR005,Vihaan Patel,Fitness,2026-06-20,Beauty,8574,444,35,46,525,REF00951,Instagram,2026-06-20 14:00:00,281,CUST4316,TXN00951,2026-06-27 00:00:00,11,8,3,27274.53,Travel Backpack,Travel
CAM024,Weekend Flash,CR003,Rohan Kapoor,Tech,2026-01-01,Travel,12303,693,106,83,882,REF00952,Direct,2026-01-01 04:00:00,390,CUST5558,TXN00952,2026-01-06 00:00:00,30,27,3,145884.99,Sneakers,Fashion
CAM016,Product Launch,CR012,Kavya Iyer,Fashion,2026-03-18,Travel,5031,175,17,11,203,REF00953,Facebook,2026-03-18 16:00:00,138,CUST4109,TXN00953,2026-03-24 00:00:00,5,5,0,24509.73,Gaming Headset,Gaming
CAM040,Creator Spotlight,CR003,Rohan Kapoor,Tech,2026-02-17,Travel,9795,465,61,40,566,REF00954,Email,2026-02-17 03:00:00,251,CUST7424,TXN00954,2026-02-22 00:00:00,13,11,2,59016.34,Sneakers,Fashion
CAM027,Festive Picks,CR002,Ananya Sharma,Fashion,2026-05-03,Electronics,10387,381,57,22,460,REF00955,YouTube,2026-05-03 04:00:00,156,CUST4841,TXN00955,2026-05-08 00:00:00,6,6,0,13229.93,Travel Backpack,Travel
CAM015,New Collection,CR003,Rohan Kapoor,Tech,2026-06-13,Fitness,3825,236,24,12,272,REF00956,Instagram,2026-06-13 09:00:00,152,CUST3833,TXN00956,2026-06-22 00:00:00,5,5,0,10457.02,Skincare Kit,Beauty
CAM046,Mega Savings,CR003,Rohan Kapoor,Tech,2026-05-26,Fashion,5589,224,35,18,277,REF00957,Google,2026-05-26 12:00:00,163,CUST8628,TXN00957,2026-06-02 00:00:00,9,7,2,17023.77,Travel Backpack,Travel
CAM018,Mega Savings,CR001,Aarav Mehta,Lifestyle,2026-03-09,Fitness,8041,283,34,34,351,REF00958,YouTube,2026-03-09 07:00:00,227,CUST3041,TXN00958,2026-03-10 00:00:00,14,14,0,29490.45,Protein Powder,Fitness
CAM001,Summer Launch,CR001,Aarav Mehta,Lifestyle,2026-01-31,Food,8202,418,35,27,480,REF00959,Google,2026-01-31 16:00:00,294,CUST1324,TXN00959,2026-02-05 00:00:00,20,19,1,69787.65,Coffee Maker,Home
CAM016,Monsoon Sale,CR010,Diya Joshi,Lifestyle,2026-02-14,Food,4569,180,23,19,222,REF00960,Instagram,2026-02-14 12:00:00,70,CUST7799,TXN00960,2026-02-21 00:00:00,5,5,0,10796.77,Sneakers,Fashion
CAM033,New Collection,CR005,Vihaan Patel,Fitness,2026-01-28,Gaming,6625,330,43,43,416,REF00961,Email,2026-01-28 23:00:00,215,CUST6974,TXN00961,2026-02-06 00:00:00,13,10,3,29357.95,Protein Powder,Fitness
CAM045,Creator Spotlight,CR002,Ananya Sharma,Fashion,2026-06-25,Beauty,15988,740,55,99,894,REF00962,TikTok,2026-06-25 17:00:00,416,CUST2732,TXN00962,2026-07-03 00:00:00,11,9,2,31145.42,Coffee Maker,Home
CAM020,Monsoon Sale,CR006,Meera Nair,Travel,2026-01-12,Fashion,4376,213,15,11,239,REF00963,Instagram,2026-01-12 22:00:00,115,CUST4815,TXN00963,2026-01-20 00:00:00,10,9,1,36166.57,Gaming Headset,Gaming
CAM013,Mega Savings,CR001,Aarav Mehta,Lifestyle,2026-06-04,Fashion,6693,346,43,30,419,REF00964,YouTube,2026-06-04 03:00:00,249,CUST7179,TXN00964,2026-06-11 00:00:00,36,29,7,144378.54,Sneakers,Fashion
CAM042,New Collection,CR002,Ananya Sharma,Fashion,2026-06-23,Food,6029,254,33,16,303,REF00965,Instagram,2026-06-23 16:00:00,169,CUST1571,TXN00965,2026-06-27 00:00:00,15,11,4,18755.17,Skincare Kit,Beauty
CAM043,Summer Launch,CR002,Ananya Sharma,Fashion,2026-01-09,Food,7904,352,30,28,410,REF00966,YouTube,2026-01-09 15:00:00,204,CUST8894,TXN00966,2026-01-11 00:00:00,13,9,4,42969.28,Sneakers,Fashion
CAM060,Premium Picks,CR002,Ananya Sharma,Fashion,2026-03-07,Home,5216,162,21,20,203,REF00967,YouTube,2026-03-07 03:00:00,126,CUST9501,TXN00967,2026-03-12 00:00:00,8,7,1,26067.68,Wireless Earbuds,Electronics
CAM047,Weekend Flash,CR002,Ananya Sharma,Fashion,2026-05-18,Gaming,5938,283,30,22,335,REF00968,Direct,2026-05-18 18:00:00,213,CUST3689,TXN00968,2026-05-19 00:00:00,17,16,1,36490.45,Travel Backpack,Travel
CAM014,Monsoon Sale,CR007,Kabir Singh,Gaming,2026-06-14,Home,6666,294,27,33,354,REF00969,TikTok,2026-06-14 06:00:00,208,CUST2187,TXN00969,2026-06-21 00:00:00,4,4,0,7649.66,Protein Powder,Fitness
CAM018,Back to College,CR008,Sara Khan,Food,2026-01-25,Travel,22410,969,119,62,1150,REF00970,Instagram,2026-01-25 10:00:00,613,CUST9668,TXN00970,2026-02-01 00:00:00,26,24,2,32883.17,Travel Backpack,Travel
CAM034,Spring Refresh,CR008,Sara Khan,Food,2026-02-05,Gaming,2527,104,7,6,117,REF00971,Direct,2026-02-05 20:00:00,72,CUST3760,TXN00971,2026-02-06 00:00:00,5,3,2,21340.33,Wireless Earbuds,Electronics
CAM048,Back to College,CR011,Aditya Deshmukh,Tech,2026-05-03,Food,8715,386,47,34,467,REF00972,TikTok,2026-05-03 04:00:00,169,CUST9357,TXN00972,2026-05-09 00:00:00,7,6,1,22986.72,Wireless Earbuds,Electronics
CAM039,Product Launch,CR006,Meera Nair,Travel,2026-06-19,Beauty,19289,915,134,99,1148,REF00973,TikTok,2026-06-19 15:00:00,413,CUST3060,TXN00973,2026-06-22 00:00:00,12,12,0,26047.09,Gaming Headset,Gaming
CAM015,Creator Spotlight,CR009,Arjun Rao,Finance,2026-01-10,Fashion,14078,636,62,44,742,REF00974,YouTube,2026-01-10 22:00:00,319,CUST9395,TXN00974,2026-01-13 00:00:00,10,8,2,24896.58,Travel Backpack,Travel
CAM026,Weekend Flash,CR005,Vihaan Patel,Fitness,2026-04-03,Travel,4208,171,16,12,199,REF00975,TikTok,2026-04-03 11:00:00,99,CUST6338,TXN00975,2026-04-05 00:00:00,5,4,1,14631.91,Travel Backpack,Travel
CAM025,Creator Spotlight,CR006,Meera Nair,Travel,2026-01-27,Fashion,4942,152,15,11,178,REF00976,Facebook,2026-01-27 21:00:00,58,CUST3838,TXN00976,2026-01-31 00:00:00,5,5,0,11112.47,Wireless Earbuds,Electronics
CAM032,Spring Refresh,CR008,Sara Khan,Food,2026-05-13,Fashion,3701,118,9,11,138,REF00977,Email,2026-05-13 08:00:00,96,CUST5275,TXN00977,2026-05-19 00:00:00,4,2,2,24553.95,Smartwatch,Electronics
CAM039,Summer Launch,CR008,Sara Khan,Food,2026-01-23,,2500,80,9,9,98,REF00978,Instagram,2026-01-23 06:00:00,56,CUST9954,TXN00978,2026-01-29 00:00:00,2,2,0,7771.84,Sneakers,Fashion
CAM035,Mega Savings,CR010,Diya Joshi,Lifestyle,2026-05-07,Gaming,14233,737,82,73,892,REF00979,Instagram,2026-05-07 03:00:00,403,CUST5794,TXN00979,2026-05-16 00:00:00,17,16,1,59155.52,Protein Powder,Fitness
CAM048,Creator Spotlight,CR010,Diya Joshi,Lifestyle,2026-03-12,Food,7975,276,22,16,314,REF00980,Facebook,2026-03-12 15:00:00,176,CUST9286,TXN00980,2026-03-15 00:00:00,8,7,1,15088.69,Travel Backpack,Travel
CAM032,Spring Refresh,CR004,Isha Verma,Beauty,2026-05-30,Beauty,7477,463,47,49,559,REF00981,Google,2026-05-30 18:00:00,168,CUST7541,TXN00981,2026-06-06 00:00:00,12,12,0,45135.34,Sneakers,Fashion
CAM058,Monsoon Sale,CR011,Aditya Deshmukh,Tech,2026-05-22,Home,7626,471,67,53,591,REF00982,Google,2026-05-22 18:00:00,237,CUST8637,TXN00982,2026-05-28 00:00:00,11,10,1,48541.49,Smartwatch,Electronics
CAM059,Spring Refresh,CR003,Rohan Kapoor,Tech,2026-01-18,Fashion,4856,262,18,22,302,REF00983,Instagram,2026-01-18 19:00:00,194,CUST9657,TXN00983,2026-01-21 00:00:00,15,13,2,43810.97,Travel Backpack,Travel
CAM042,Product Launch,CR005,Vihaan Patel,Fitness,2026-04-26,Gaming,7223,262,26,27,315,REF00984,Instagram,2026-04-26 03:00:00,172,CUST2634,TXN00984,2026-05-02 00:00:00,9,9,0,36432.03,Coffee Maker,Home
CAM003,Mega Savings,CR009,Arjun Rao,Finance,2026-03-19,Beauty,12971,504,40,47,591,REF00985,Google,2026-03-19 22:00:00,442,CUST1901,TXN00985,2026-03-27 00:00:00,28,21,7,65943.28,Coffee Maker,Home
CAM005,New Collection,CR004,Isha Verma,Beauty,2026-02-27,Beauty,4327,165,20,15,200,REF00986,YouTube,2026-02-27 13:00:00,163,CUST8316,TXN00986,2026-03-03 00:00:00,11,8,3,25142.89,Gaming Headset,Gaming
CAM002,Festive Picks,CR002,Ananya Sharma,Fashion,2026-05-22,Fashion,7308,259,36,19,314,REF00987,Email,2026-05-22 01:00:00,217,CUST5178,TXN00987,2026-05-24 00:00:00,16,13,3,53890.68,Wireless Earbuds,Electronics
CAM041,Holiday Offers,CR002,Ananya Sharma,Fashion,2026-04-13,Fitness,13256,818,111,68,997,REF00988,Email,2026-04-13 11:00:00,368,CUST2568,TXN00988,2026-04-22 00:00:00,28,28,0,132506.11,Sneakers,Fashion
CAM038,Holiday Offers,CR005,Vihaan Patel,Fitness,2026-03-22,Fitness,5340,277,25,33,335,REF00989,YouTube,2026-03-22 01:00:00,116,CUST5288,TXN00989,2026-03-31 00:00:00,11,10,1,20435.14,Coffee Maker,Home
CAM030,Holiday Offers,CR011,Aditya Deshmukh,Tech,2026-01-17,Fitness,5783,307,38,40,385,REF00990,Instagram,2026-01-17 20:00:00,126,CUST1489,TXN00990,2026-01-21 00:00:00,5,5,0,9543.73,Skincare Kit,Beauty
CAM054,Festive Picks,CR011,Aditya Deshmukh,Tech,2026-05-09,Travel,4193,220,27,21,268,REF00991,Instagram,2026-05-09 13:00:00,99,CUST4414,TXN00991,2026-05-14 00:00:00,4,4,0,9716.31,Sneakers,Fashion
CAM010,Festive Picks,CR001,Aarav Mehta,Lifestyle,2026-05-18,Electronics,10696,516,83,66,665,REF00992,TikTok,2026-05-18 03:00:00,266,CUST7194,TXN00992,2026-05-24 00:00:00,12,11,1,25045.03,Protein Powder,Fitness
CAM048,Summer Launch,CR002,Ananya Sharma,Fashion,2026-05-03,Fitness,5780,283,30,22,335,REF00993,Facebook,2026-05-03 06:00:00,146,CUST2070,TXN00993,2026-05-04 00:00:00,9,8,1,9661.41,Skincare Kit,Beauty
CAM007,Weekend Flash,CR008,Sara Khan,Food,2026-02-05,Fashion,10361,413,42,49,504,REF00994,Instagram,2026-02-05 21:00:00,313,CUST2594,TXN00994,2026-02-07 00:00:00,21,21,0,41894.15,Wireless Earbuds,Electronics
CAM048,Back to College,CR006,Meera Nair,Travel,2026-06-01,Beauty,4978,149,12,12,173,REF00995,Email,2026-06-01 08:00:00,81,CUST1586,TXN00995,2026-06-09 00:00:00,5,5,0,6380.79,Travel Backpack,Travel
CAM060,Product Launch,CR008,Sara Khan,Food,2026-01-17,Fitness,6889,275,18,30,323,REF00996,YouTube,2026-01-17 13:00:00,218,CUST6309,TXN00996,2026-01-21 00:00:00,9,9,0,36812.71,Coffee Maker,Home
CAM052,Summer Launch,CR010,Diya Joshi,Lifestyle,2026-06-14,Travel,3006,105,16,10,131,REF00997,Direct,2026-06-14 02:00:00,62,CUST6980,TXN00997,2026-06-19 00:00:00,1,1,0,3134.94,Wireless Earbuds,Electronics
CAM013,Holiday Offers,CR006,Meera Nair,Travel,2026-05-04,Gaming,3149,91,11,11,113,REF00998,Facebook,2026-05-04 05:00:00,47,CUST1216,TXN00998,2026-05-10 00:00:00,3,2,1,13209.28,Wireless Earbuds,Electronics
CAM020,Back to College,CR012,Kavya Iyer,Fashion,2026-03-01,Fitness,7477,187,21,19,227,REF00999,Instagram,2026-03-01 17:00:00,59,CUST5051,TXN00999,2026-03-07 00:00:00,4,4,0,15997.09,Wireless Earbuds,Electronics
CAM023,Weekend Flash,CR007,Kabir Singh,Gaming,2026-04-20,Home,5014,208,24,16,248,REF01000,Google,2026-04-20 11:00:00,212,CUST6189,TXN01000,2026-04-21 00:00:00,14,14,0,67501.81,Smartwatch,Electronics
CAM049,Weekend Flash,CR006,Meera Nair,Travel,2026-01-17,Home,11754,320,20,27,367,REF01001,Instagram,2026-01-17 02:00:00,330,CUST1522,TXN01001,2026-01-24 00:00:00,15,14,1,65724.31,Sneakers,Fashion
CAM050,Monsoon Sale,CR007,Kabir Singh,Gaming,2026-02-10,Home,15206,729,56,62,847,REF01002,Google,2026-02-10 20:00:00,439,CUST9025,TXN01002,2026-02-14 00:00:00,27,19,8,92406.37,Protein Powder,Fitness
CAM004,Mega Savings,CR004,Isha Verma,Beauty,2026-03-05,Travel,5803,162,23,10,195,REF01003,Google,2026-03-05 12:00:00,143,CUST6660,TXN01003,2026-03-08 00:00:00,19,19,0,71659.45,Gaming Headset,Gaming
CAM014,Holiday Offers,CR009,Arjun Rao,Finance,2026-03-19,Fitness,6832,299,22,29,350,REF01004,Instagram,2026-03-19 15:00:00,131,CUST8009,TXN01004,2026-03-24 00:00:00,9,9,0,32203.67,Gaming Headset,Gaming
CAM028,Mega Savings,CR012,Kavya Iyer,Fashion,2026-03-04,Fashion,2500,113,14,8,135,REF01005,Email,2026-03-04 07:00:00,68,CUST4335,TXN01005,2026-03-06 00:00:00,7,5,2,26182.94,Smartwatch,Electronics
CAM013,Monsoon Sale,CR008,Sara Khan,Food,2026-06-07,Beauty,2500,98,8,6,112,REF01006,Instagram,2026-06-07 06:00:00,79,CUST8204,TXN01006,2026-06-09 00:00:00,3,2,1,6820.74,Protein Powder,Fitness
CAM020,Product Launch,CR006,Meera Nair,Travel,2026-06-24,Gaming,3330,132,15,15,162,REF01007,Instagram,2026-06-24 17:00:00,78,CUST5819,TXN01007,2026-06-29 00:00:00,4,3,1,14241.98,Smartwatch,Electronics
CAM007,Monsoon Sale,CR010,Diya Joshi,Lifestyle,2026-01-23,Electronics,10757,416,55,34,505,REF01008,YouTube,2026-01-23 23:00:00,217,CUST8956,TXN01008,2026-02-01 00:00:00,5,4,1,15987.85,Protein Powder,Fitness
CAM052,Festive Picks,CR011,Aditya Deshmukh,Tech,2026-04-06,Beauty,8340,328,47,22,397,REF01009,YouTube,2026-04-06 19:00:00,261,CUST8243,TXN01009,2026-04-07 00:00:00,10,8,2,39096.07,Gaming Headset,Gaming
CAM028,Spring Refresh,CR004,Isha Verma,Beauty,2026-01-30,Home,11214,549,52,58,659,REF01010,Direct,2026-01-30 01:00:00,326,CUST7197,TXN01010,2026-02-02 00:00:00,17,16,1,58276.3,Protein Powder,Fitness
CAM048,Back to College,CR003,Rohan Kapoor,Tech,2026-06-10,Fitness,7629,461,64,34,559,REF01011,Instagram,2026-06-10 08:00:00,295,CUST9716,TXN01011,2026-06-11 00:00:00,11,10,1,55184.04,Gaming Headset,Gaming
CAM057,Festive Picks,CR012,Kavya Iyer,Fashion,2026-05-16,Fitness,3199,106,10,12,128,REF01012,TikTok,2026-05-16 01:00:00,71,CUST3951,TXN01012,2026-05-17 00:00:00,2,2,0,9814.89,Smartwatch,Electronics
CAM055,Mega Savings,CR009,Arjun Rao,Finance,2026-06-13,Fitness,5511,204,24,18,246,REF01013,Email,2026-06-13 06:00:00,169,CUST5350,TXN01013,2026-06-15 00:00:00,7,6,1,38172.25,Smartwatch,Electronics
CAM009,Creator Spotlight,CR003,Rohan Kapoor,Tech,2026-05-14,Fashion,14032,358,30,33,421,REF01014,Google,2026-05-14 21:00:00,258,CUST5307,TXN01014,2026-05-23 00:00:00,19,18,1,67004.0,Smartwatch,Electronics
CAM049,Summer Launch,CR003,Rohan Kapoor,Tech,2026-02-17,Electronics,5752,330,21,18,369,REF01015,Email,2026-02-17 14:00:00,158,CUST7762,TXN01015,2026-02-21 00:00:00,11,9,2,36750.43,Smartwatch,Electronics
CAM049,Product Launch,CR006,Meera Nair,Travel,2026-02-11,Home,3618,130,18,11,159,REF01016,Instagram,2026-02-11 12:00:00,113,CUST1592,TXN01016,2026-02-13 00:00:00,7,6,1,37800.11,Smartwatch,Electronics
CAM004,Spring Refresh,CR001,Aarav Mehta,Lifestyle,2026-06-17,Travel,7226,341,29,41,411,REF01017,Email,2026-06-17 13:00:00,201,CUST7620,TXN01017,2026-06-26 00:00:00,10,8,2,19994.07,Protein Powder,Fitness
CAM053,Back to College,CR001,Aarav Mehta,Lifestyle,2026-03-10,Food,7733,290,24,23,337,REF01018,Instagram,2026-03-10 23:00:00,189,CUST4409,TXN01018,2026-03-12 00:00:00,12,12,0,61737.06,Gaming Headset,Gaming
CAM002,Spring Refresh,CR011,Aditya Deshmukh,Tech,2026-06-22,Food,6524,232,25,14,271,REF01019,Instagram,2026-06-22 14:00:00,135,CUST2779,TXN01019,2026-06-29 00:00:00,5,4,1,19954.87,Sneakers,Fashion
CAM054,Spring Refresh,CR002,Ananya Sharma,Fashion,2026-05-04,Fitness,7559,198,24,23,245,REF01020,Google,2026-05-04 14:00:00,226,CUST7453,TXN01020,2026-05-12 00:00:00,13,12,1,50167.91,Coffee Maker,Home
CAM057,Monsoon Sale,CR009,Arjun Rao,Finance,2026-04-23,Fitness,6632,293,32,26,351,REF01021,Instagram,2026-04-23 18:00:00,177,CUST8683,TXN01021,2026-04-30 00:00:00,7,6,1,15996.83,Travel Backpack,Travel
CAM056,Spring Refresh,CR004,Isha Verma,Beauty,2026-06-21,Home,2931,136,19,16,171,REF01022,Facebook,2026-06-21 16:00:00,96,CUST3754,TXN01022,2026-06-23 00:00:00,6,6,0,9009.08,Travel Backpack,Travel
CAM022,Festive Picks,CR007,Kabir Singh,Gaming,2026-05-06,Beauty,5834,278,22,18,318,REF01023,Google,2026-05-06 16:00:00,175,CUST4299,TXN01023,2026-05-10 00:00:00,13,10,3,38396.93,Protein Powder,Fitness
CAM036,Product Launch,CR006,Meera Nair,Travel,2026-05-22,Home,2500,130,8,15,153,REF01024,Direct,2026-05-22 15:00:00,72,CUST2167,TXN01024,2026-05-31 00:00:00,4,3,1,7981.03,Wireless Earbuds,Electronics
CAM008,Monsoon Sale,CR008,Sara Khan,Food,2026-01-08,Food,13939,431,60,36,527,REF01025,Instagram,2026-01-08 22:00:00,259,CUST5899,TXN01025,2026-01-13 00:00:00,7,5,2,17650.79,Wireless Earbuds,Electronics
CAM041,Mega Savings,CR011,Aditya Deshmukh,Tech,2026-06-23,Electronics,4282,183,16,19,218,REF01026,Facebook,2026-06-23 22:00:00,102,CUST3236,TXN01026,2026-07-02 00:00:00,2,2,0,4791.0,Gaming Headset,Gaming
CAM051,Spring Refresh,CR012,Kavya Iyer,Fashion,2026-06-18,Home,6011,259,27,29,315,REF01027,Instagram,2026-06-18 20:00:00,93,CUST2627,TXN01027,2026-06-19 00:00:00,9,9,0,34722.91,Gaming Headset,Gaming
CAM019,Holiday Offers,CR008,Sara Khan,Food,2026-03-08,Fitness,4917,203,22,11,236,REF01028,TikTok,2026-03-08 12:00:00,152,CUST3526,TXN01028,2026-03-10 00:00:00,8,5,3,26518.59,Protein Powder,Fitness
CAM025,Holiday Offers,CR004,Isha Verma,Beauty,2026-01-03,Fitness,5470,305,40,17,362,REF01029,Email,2026-01-03 19:00:00,193,CUST4206,TXN01029,2026-01-11 00:00:00,14,11,3,62373.6,Coffee Maker,Home
CAM043,Holiday Offers,CR011,Aditya Deshmukh,Tech,2026-02-03,Gaming,6010,264,26,28,318,REF01030,YouTube,2026-02-03 05:00:00,128,CUST8084,TXN01030,2026-02-04 00:00:00,7,6,1,9910.25,Travel Backpack,Travel
CAM024,Mega Savings,CR002,Ananya Sharma,Fashion,2026-01-02,Fitness,7373,330,21,37,388,REF01031,Instagram,2026-01-02 22:00:00,247,CUST4980,TXN01031,2026-01-03 00:00:00,17,17,0,45461.5,Wireless Earbuds,Electronics
CAM015,Back to College,CR005,Vihaan Patel,Fitness,2026-01-24,Fitness,14059,591,44,57,692,REF01032,Instagram,2026-01-24 15:00:00,303,CUST8575,TXN01032,2026-02-01 00:00:00,14,14,0,67055.91,Sneakers,Fashion
CAM046,Holiday Offers,CR010,Diya Joshi,Lifestyle,2026-04-19,Beauty,6280,269,37,27,333,REF01033,Facebook,2026-04-19 21:00:00,178,CUST6229,TXN01033,2026-04-21 00:00:00,12,10,2,45233.47,Sneakers,Fashion
CAM035,Creator Spotlight,CR007,Kabir Singh,Gaming,2026-06-16,Electronics,5700,263,38,33,334,REF01034,Instagram,2026-06-16 04:00:00,204,CUST4649,TXN01034,2026-06-18 00:00:00,5,4,1,13987.0,Wireless Earbuds,Electronics
CAM040,Holiday Offers,CR006,Meera Nair,Travel,2026-01-17,Fashion,5652,300,31,16,347,REF01035,Instagram,2026-01-17 20:00:00,175,CUST9577,TXN01035,2026-01-26 00:00:00,5,5,0,13364.75,Smartwatch,Electronics
CAM022,Monsoon Sale,CR009,Arjun Rao,Finance,2026-05-02,Electronics,14160,979,99,119,1197,REF01036,Instagram,2026-05-02 13:00:00,489,CUST6681,TXN01036,2026-05-09 00:00:00,23,19,4,53033.73,Travel Backpack,Travel
CAM050,Festive Picks,CR008,Sara Khan,Food,2026-06-13,Fitness,5836,185,13,14,212,REF01037,Facebook,2026-06-13 21:00:00,165,CUST5368,TXN01037,2026-06-19 00:00:00,4,4,0,6639.17,Travel Backpack,Travel
CAM006,Mega Savings,CR005,Vihaan Patel,Fitness,2026-06-01,Fashion,2912,102,10,9,121,REF01038,TikTok,2026-06-01 14:00:00,54,CUST1471,TXN01038,2026-06-02 00:00:00,6,6,0,11003.27,Coffee Maker,Home
CAM016,Creator Spotlight,CR001,Aarav Mehta,Lifestyle,2026-06-06,Beauty,12077,557,53,32,642,REF01039,Instagram,2026-06-06 14:00:00,430,CUST2477,TXN01039,2026-06-14 00:00:00,22,19,3,107375.02,Coffee Maker,Home
CAM046,New Collection,CR004,Isha Verma,Beauty,2026-05-01,Electronics,7202,334,29,29,392,REF01040,Google,2026-05-01 19:00:00,216,CUST3909,TXN01040,2026-05-03 00:00:00,19,19,0,61078.39,Coffee Maker,Home
CAM008,Product Launch,CR012,Kavya Iyer,Fashion,2026-01-28,Travel,11229,372,54,33,459,REF01041,Google,2026-01-28 16:00:00,271,CUST5501,TXN01041,2026-02-03 00:00:00,17,14,3,70861.09,Smartwatch,Electronics
CAM036,Creator Spotlight,CR001,Aarav Mehta,Lifestyle,2026-06-03,Food,5439,199,30,14,243,REF01042,TikTok,2026-06-03 18:00:00,121,CUST1963,TXN01042,2026-06-07 00:00:00,1,1,0,3671.99,Wireless Earbuds,Electronics
CAM005,Back to College,CR009,Arjun Rao,Finance,2026-04-21,Fashion,5322,232,24,21,277,REF01043,Instagram,2026-04-21 16:00:00,147,CUST6676,TXN01043,2026-04-26 00:00:00,5,4,1,14211.5,Travel Backpack,Travel
CAM034,Premium Picks,CR005,Vihaan Patel,Fitness,2026-02-27,Gaming,4871,198,17,11,226,REF01044,YouTube,2026-02-27 20:00:00,137,CUST2187,TXN01044,2026-03-05 00:00:00,9,7,2,32691.29,Sneakers,Fashion
CAM011,Back to College,CR001,Aarav Mehta,Lifestyle,2026-01-29,Electronics,2834,104,10,12,126,REF01045,Google,2026-01-29 19:00:00,86,CUST5543,TXN01045,2026-01-30 00:00:00,3,3,0,4709.1,Protein Powder,Fitness
CAM048,Mega Savings,CR009,Arjun Rao,Finance,2026-01-31,Fitness,7789,485,50,58,593,REF01046,YouTube,2026-01-31 01:00:00,339,CUST7332,TXN01046,2026-02-06 00:00:00,14,13,1,34595.92,Coffee Maker,Home
CAM013,Holiday Offers,CR012,Kavya Iyer,Fashion,2026-01-19,Food,7701,391,39,26,456,REF01047,TikTok,2026-01-19 14:00:00,160,CUST3566,TXN01047,2026-01-24 00:00:00,4,1,3,4938.6,Skincare Kit,Beauty
CAM006,Summer Launch,CR001,Aarav Mehta,Lifestyle,2026-04-02,Fashion,7396,394,44,25,463,REF01048,YouTube,2026-04-02 18:00:00,216,CUST9184,TXN01048,2026-04-05 00:00:00,9,8,1,37478.24,Gaming Headset,Gaming
CAM048,Holiday Offers,CR001,Aarav Mehta,Lifestyle,2026-04-19,Travel,13090,258,36,15,309,REF01049,Email,2026-04-19 01:00:00,250,CUST1140,TXN01049,2026-04-24 00:00:00,11,10,1,52362.71,Smartwatch,Electronics
CAM016,Festive Picks,CR003,Rohan Kapoor,Tech,2026-03-16,Fashion,2652,102,8,6,116,REF01050,TikTok,2026-03-16 16:00:00,53,CUST3587,TXN01050,2026-03-22 00:00:00,3,3,0,13220.34,Sneakers,Fashion
CAM043,Festive Picks,CR003,Rohan Kapoor,Tech,2026-04-27,Fashion,8934,299,44,38,381,REF01051,Instagram,2026-04-27 20:00:00,239,CUST2342,TXN01051,2026-05-01 00:00:00,16,15,1,70606.73,Sneakers,Fashion
CAM031,Creator Spotlight,CR008,Sara Khan,Food,2026-01-15,Travel,2500,155,15,11,181,REF01052,YouTube,2026-01-15 08:00:00,77,CUST6662,TXN01052,2026-01-17 00:00:00,4,4,0,7643.66,Sneakers,Fashion
CAM001,Mega Savings,CR001,Aarav Mehta,Lifestyle,2026-05-08,Food,4463,133,15,12,160,REF01053,Instagram,2026-05-08 08:00:00,70,CUST1493,TXN01053,2026-05-10 00:00:00,4,4,0,8162.13,Travel Backpack,Travel
CAM057,Weekend Flash,CR002,Ananya Sharma,Fashion,2026-03-03,Beauty,6895,441,48,55,544,REF01054,Instagram,2026-03-03 16:00:00,244,CUST1220,TXN01054,2026-03-06 00:00:00,11,9,2,22574.64,Travel Backpack,Travel
CAM059,Festive Picks,CR006,Meera Nair,Travel,2026-04-06,Home,19927,509,31,26,566,REF01055,Instagram,2026-04-06 10:00:00,301,CUST1095,TXN01055,2026-04-15 00:00:00,12,8,4,32540.65,Protein Powder,Fitness
CAM044,New Collection,CR005,Vihaan Patel,Fitness,2026-05-11,Electronics,2992,155,23,13,191,REF01056,Direct,2026-05-11 06:00:00,100,CUST5600,TXN01056,2026-05-20 00:00:00,7,6,1,5648.55,Skincare Kit,Beauty
CAM011,Holiday Offers,CR003,Rohan Kapoor,Tech,2026-06-15,Gaming,3983,202,26,19,247,REF01057,YouTube,2026-06-15 23:00:00,162,CUST8220,TXN01057,2026-06-18 00:00:00,14,12,2,49472.9,Gaming Headset,Gaming
CAM024,Back to College,CR011,Aditya Deshmukh,Tech,2026-03-28,Travel,10260,407,47,28,482,REF01058,Instagram,2026-03-28 21:00:00,248,CUST4138,TXN01058,2026-04-02 00:00:00,10,7,3,41528.07,Coffee Maker,Home
CAM058,Premium Picks,CR009,Arjun Rao,Finance,2026-06-10,Travel,4190,167,25,16,208,REF01059,TikTok,2026-06-10 01:00:00,119,CUST3370,TXN01059,2026-06-12 00:00:00,5,4,1,6300.65,Skincare Kit,Beauty
CAM046,Weekend Flash,CR009,Arjun Rao,Finance,2026-06-28,Electronics,6217,331,27,24,382,REF01060,YouTube,2026-06-28 05:00:00,195,CUST9444,TXN01060,2026-07-05 00:00:00,10,8,2,12607.04,Skincare Kit,Beauty
CAM024,Festive Picks,CR011,Aditya Deshmukh,Tech,2026-06-13,Travel,5767,191,13,23,227,REF01061,Instagram,2026-06-13 01:00:00,154,CUST6443,TXN01061,2026-06-16 00:00:00,7,4,3,19642.92,Protein Powder,Fitness
CAM053,Festive Picks,CR010,Diya Joshi,Lifestyle,2026-01-14,Travel,8420,335,39,26,400,REF01062,TikTok,2026-01-14 08:00:00,322,CUST4675,TXN01062,2026-01-19 00:00:00,13,12,1,10490.09,Skincare Kit,Beauty
CAM002,Creator Spotlight,CR008,Sara Khan,Food,2026-03-07,Food,4397,174,19,18,211,REF01063,Instagram,2026-03-07 15:00:00,138,CUST9167,TXN01063,2026-03-11 00:00:00,8,7,1,17891.46,Travel Backpack,Travel
CAM017,Mega Savings,CR010,Diya Joshi,Lifestyle,2026-06-08,Travel,2500,118,13,13,144,REF01064,Direct,2026-06-08 07:00:00,50,CUST2517,TXN01064,2026-06-15 00:00:00,1,0,1,3608.38,Smartwatch,Electronics
CAM016,Monsoon Sale,CR004,Isha Verma,Beauty,2026-04-20,Fitness,6378,241,25,18,284,REF01065,Facebook,2026-04-20 10:00:00,143,CUST3090,TXN01065,2026-04-26 00:00:00,10,9,1,36912.06,Coffee Maker,Home
CAM038,Monsoon Sale,CR011,Aditya Deshmukh,Tech,2026-01-30,Electronics,4358,232,27,18,277,REF01066,Facebook,2026-01-30 14:00:00,128,CUST4173,TXN01066,2026-02-02 00:00:00,4,3,1,10581.3,Wireless Earbuds,Electronics
CAM060,Spring Refresh,CR011,Aditya Deshmukh,Tech,2026-03-21,Fitness,6938,455,30,24,509,REF01067,Google,2026-03-21 17:00:00,177,CUST1108,TXN01067,2026-03-22 00:00:00,10,8,2,18396.82,Coffee Maker,Home
CAM026,Product Launch,CR004,Isha Verma,Beauty,2026-01-06,Fitness,10032,447,54,54,555,REF01068,Facebook,2026-01-06 10:00:00,225,CUST7637,TXN01068,2026-01-08 00:00:00,12,11,1,36435.17,Protein Powder,Fitness
CAM045,Back to College,CR006,Meera Nair,Travel,2026-02-20,Home,12999,210,25,19,254,REF01069,Instagram,2026-02-20 02:00:00,143,CUST8233,TXN01069,2026-02-25 00:00:00,7,5,2,21476.75,Gaming Headset,Gaming
CAM045,Summer Launch,CR009,Arjun Rao,Finance,2026-01-30,Electronics,9135,350,35,33,418,REF01070,Email,2026-01-30 05:00:00,303,CUST7153,TXN01070,2026-02-06 00:00:00,15,12,3,10794.57,Skincare Kit,Beauty
CAM005,Back to College,CR005,Vihaan Patel,Fitness,2026-06-03,Electronics,11913,429,57,56,542,REF01071,YouTube,2026-06-03 15:00:00,259,CUST3140,TXN01071,2026-06-08 00:00:00,12,10,2,41862.17,Protein Powder,Fitness
CAM022,Creator Spotlight,CR006,Meera Nair,Travel,2026-01-11,Food,7193,358,23,33,414,REF01072,Google,2026-01-11 22:00:00,170,CUST8741,TXN01072,2026-01-18 00:00:00,7,6,1,15706.37,Protein Powder,Fitness
CAM045,New Collection,CR007,Kabir Singh,Gaming,2026-04-06,Gaming,9203,378,44,29,451,REF01073,Facebook,2026-04-06 06:00:00,340,CUST3427,TXN01073,2026-04-13 00:00:00,10,8,2,34165.43,Protein Powder,Fitness
CAM001,Creator Spotlight,CR007,Kabir Singh,Gaming,2026-03-14,Travel,9999,405,47,54,506,REF01074,Instagram,2026-03-14 17:00:00,253,CUST6025,TXN01074,2026-03-19 00:00:00,3,1,2,14852.36,Smartwatch,Electronics
CAM033,Summer Launch,CR003,Rohan Kapoor,Tech,2026-05-24,Home,4477,159,15,15,189,REF01075,YouTube,2026-05-24 23:00:00,114,CUST9036,TXN01075,2026-05-31 00:00:00,6,5,1,5134.05,Skincare Kit,Beauty
CAM056,Summer Launch,CR004,Isha Verma,Beauty,2026-03-10,Home,14136,576,68,55,699,REF01076,Facebook,2026-03-10 19:00:00,257,CUST1258,TXN01076,2026-03-14 00:00:00,8,6,2,8267.19,Skincare Kit,Beauty
CAM044,Holiday Offers,CR004,Isha Verma,Beauty,2026-02-18,Home,7676,321,40,34,395,REF01077,Direct,2026-02-18 20:00:00,217,CUST6729,TXN01077,2026-02-25 00:00:00,21,19,2,23223.35,Skincare Kit,Beauty
CAM047,Spring Refresh,CR003,Rohan Kapoor,Tech,2026-06-15,Travel,4962,290,40,28,358,REF01078,Instagram,2026-06-15 20:00:00,145,CUST1966,TXN01078,2026-06-19 00:00:00,6,6,0,12009.38,Protein Powder,Fitness
CAM012,Creator Spotlight,CR001,Aarav Mehta,Lifestyle,2026-05-26,Food,3437,196,26,17,239,REF01079,Facebook,2026-05-26 08:00:00,97,CUST2430,TXN01079,2026-05-29 00:00:00,4,4,0,16699.67,Coffee Maker,Home
CAM027,Creator Spotlight,CR009,Arjun Rao,Finance,2026-03-22,Food,6983,288,24,19,331,REF01080,Direct,2026-03-22 18:00:00,192,CUST7400,TXN01080,2026-03-27 00:00:00,10,8,2,47673.31,Coffee Maker,Home
CAM036,Weekend Flash,CR011,Aditya Deshmukh,Tech,2026-03-22,Home,12289,708,97,79,884,REF01081,Email,2026-03-22 14:00:00,461,CUST7938,TXN01081,2026-03-31 00:00:00,30,27,3,82896.43,Gaming Headset,Gaming
CAM055,Summer Launch,CR007,Kabir Singh,Gaming,2026-04-07,Food,4015,207,28,16,251,REF01082,Instagram,2026-04-07 14:00:00,126,,,,0,0,0,0.0,Wireless Earbuds,Electronics
CAM057,Weekend Flash,CR011,Aditya Deshmukh,Tech,2026-01-16,Travel,5321,247,26,19,292,REF01083,Instagram,2026-01-16 02:00:00,185,CUST5790,TXN01083,2026-01-20 00:00:00,12,10,2,45275.88,Coffee Maker,Home
CAM048,Weekend Flash,CR005,Vihaan Patel,Fitness,2026-06-10,Food,3270,158,21,17,196,REF01084,YouTube,2026-06-10 15:00:00,106,CUST6998,TXN01084,2026-06-16 00:00:00,4,4,0,10931.14,Coffee Maker,Home
CAM026,Festive Picks,CR002,Ananya Sharma,Fashion,2026-03-03,Gaming,15928,679,67,66,812,REF01085,YouTube,2026-03-03 17:00:00,538,CUST9099,TXN01085,2026-03-05 00:00:00,28,23,5,117497.5,Coffee Maker,Home
CAM023,Weekend Flash,CR007,Kabir Singh,Gaming,2026-01-20,Food,7584,357,48,45,450,REF01086,Direct,2026-01-20 09:00:00,206,CUST3288,TXN01086,2026-01-27 00:00:00,16,13,3,38647.8,Protein Powder,Fitness
CAM043,Weekend Flash,CR005,Vihaan Patel,Fitness,2026-01-29,Gaming,13165,349,49,44,442,REF01087,Google,2026-01-29 10:00:00,264,CUST2148,TXN01087,2026-02-02 00:00:00,20,18,2,35185.48,Skincare Kit,Beauty
CAM024,Spring Refresh,CR003,Rohan Kapoor,Tech,2026-06-17,Fitness,7774,328,45,23,396,REF01088,YouTube,2026-06-17 11:00:00,199,CUST8591,TXN01088,2026-06-26 00:00:00,10,7,3,18038.34,Wireless Earbuds,Electronics
CAM002,Creator Spotlight,CR005,Vihaan Patel,Fitness,2026-01-23,Fashion,13369,585,67,69,721,REF01089,Google,2026-01-23 23:00:00,323,CUST2213,TXN01089,2026-01-31 00:00:00,28,25,3,48098.44,Skincare Kit,Beauty
CAM015,Festive Picks,CR009,Arjun Rao,Finance,2026-03-22,Fashion,6668,178,25,21,224,REF01090,Direct,2026-03-22 08:00:00,174,CUST7595,TXN01090,2026-03-24 00:00:00,14,12,2,11293.9,Skincare Kit,Beauty
CAM034,Monsoon Sale,CR010,Diya Joshi,Lifestyle,2026-03-29,,6709,313,44,21,378,REF01091,Instagram,2026-03-29 21:00:00,143,CUST3465,TXN01091,2026-04-06 00:00:00,11,10,1,55118.39,Gaming Headset,Gaming
CAM058,Creator Spotlight,CR004,Isha Verma,Beauty,2026-04-28,Beauty,10720,369,41,23,433,REF01092,Direct,2026-04-28 03:00:00,242,CUST8274,TXN01092,2026-04-29 00:00:00,13,12,1,70537.54,Gaming Headset,Gaming
CAM044,Holiday Offers,CR002,Ananya Sharma,Fashion,2026-01-08,Beauty,2831,126,15,7,148,REF01093,Facebook,2026-01-08 10:00:00,86,,,,0,0,0,0.0,Coffee Maker,Home
CAM029,Product Launch,CR003,Rohan Kapoor,Tech,2026-01-10,Beauty,5438,305,27,36,368,REF01094,Google,2026-01-10 05:00:00,185,CUST9731,TXN01094,2026-01-17 00:00:00,4,3,1,24283.18,Smartwatch,Electronics
CAM025,Holiday Offers,CR007,Kabir Singh,Gaming,2026-02-20,Travel,9661,316,37,28,381,REF01095,YouTube,2026-02-20 22:00:00,192,CUST2382,TXN01095,2026-02-22 00:00:00,11,9,2,40498.53,Sneakers,Fashion
CAM020,New Collection,CR005,Vihaan Patel,Fitness,2026-03-09,Food,10571,336,45,44,425,REF01096,YouTube,2026-03-09 10:00:00,315,CUST5942,TXN01096,2026-03-17 00:00:00,16,15,1,29036.94,Travel Backpack,Travel
CAM058,Holiday Offers,CR008,Sara Khan,Food,2026-04-05,Beauty,6809,240,30,27,297,REF01097,YouTube,2026-04-05 04:00:00,240,CUST2696,TXN01097,2026-04-08 00:00:00,4,3,1,5664.57,Travel Backpack,Travel
CAM027,Spring Refresh,CR006,Meera Nair,Travel,2026-01-10,Electronics,8865,350,36,40,426,REF01098,Instagram,2026-01-10 15:00:00,165,CUST3291,TXN01098,2026-01-15 00:00:00,3,3,0,14738.4,Smartwatch,Electronics
CAM055,Holiday Offers,CR004,Isha Verma,Beauty,2026-04-10,Home,6392,405,28,42,475,REF01099,YouTube,2026-04-10 11:00:00,162,CUST5674,TXN01099,2026-04-14 00:00:00,8,6,2,16452.05,Gaming Headset,Gaming
CAM003,Monsoon Sale,CR006,Meera Nair,Travel,2026-02-18,Beauty,12422,211,22,18,251,REF01100,Direct,2026-02-18 15:00:00,177,CUST1096,TXN01100,2026-02-19 00:00:00,21,13,8,60986.16,Gaming Headset,Gaming
CAM005,Holiday Offers,CR002,Ananya Sharma,Fashion,2026-03-09,Food,5128,220,23,12,255,REF01101,TikTok,2026-03-09 03:00:00,146,CUST4831,TXN01101,2026-03-18 00:00:00,6,5,1,10823.03,Skincare Kit,Beauty
CAM019,Festive Picks,CR011,Aditya Deshmukh,Tech,2026-05-22,Food,3277,143,13,13,169,REF01102,TikTok,2026-05-22 23:00:00,71,CUST5801,TXN01102,2026-05-30 00:00:00,4,4,0,5773.45,Skincare Kit,Beauty
CAM039,Mega Savings,CR008,Sara Khan,Food,2026-03-04,Gaming,8774,120,14,14,148,REF01103,Email,2026-03-04 10:00:00,210,CUST1580,TXN01103,2026-03-12 00:00:00,17,15,2,45871.59,Sneakers,Fashion
CAM046,Summer Launch,CR009,Arjun Rao,Finance,2026-02-23,Beauty,12363,222,22,20,264,REF01104,TikTok,2026-02-23 02:00:00,393,CUST6449,TXN01104,2026-03-04 00:00:00,22,17,5,15425.32,Skincare Kit,Beauty
CAM023,Creator Spotlight,CR005,Vihaan Patel,Fitness,2026-03-17,Travel,7696,299,31,24,354,REF01105,Instagram,2026-03-17 06:00:00,199,CUST9668,TXN01105,2026-03-23 00:00:00,7,7,0,28153.97,Gaming Headset,Gaming
CAM014,Premium Picks,CR003,Rohan Kapoor,Tech,2026-02-03,Electronics,2540,79,10,6,95,REF01106,YouTube,2026-02-03 18:00:00,54,,,,0,0,0,0.0,Wireless Earbuds,Electronics
CAM013,Back to College,CR004,Isha Verma,Beauty,2026-04-16,Electronics,8072,323,43,16,382,REF01107,Instagram,2026-04-16 09:00:00,189,CUST8141,TXN01107,2026-04-20 00:00:00,6,5,1,13155.44,Wireless Earbuds,Electronics
CAM051,Monsoon Sale,CR004,Isha Verma,Beauty,2026-06-02,Electronics,6382,224,25,17,266,REF01108,YouTube,2026-06-02 14:00:00,131,CUST7433,TXN01108,2026-06-07 00:00:00,12,10,2,27795.27,Travel Backpack,Travel
CAM001,Premium Picks,CR011,Aditya Deshmukh,Tech,2026-04-24,,4803,223,29,11,263,REF01109,Instagram,2026-04-24 14:00:00,129,CUST3333,TXN01109,2026-04-27 00:00:00,3,3,0,14254.84,Coffee Maker,Home
CAM027,Creator Spotlight,CR004,Isha Verma,Beauty,2026-01-31,Electronics,5805,275,17,17,309,REF01110,Instagram,2026-01-31 17:00:00,219,CUST6711,TXN01110,2026-02-09 00:00:00,20,15,5,49646.29,Protein Powder,Fitness
CAM024,Summer Launch,CR005,Vihaan Patel,Fitness,2026-04-27,Fashion,7813,304,22,31,357,REF01111,Facebook,2026-04-27 12:00:00,195,CUST7994,TXN01111,2026-05-01 00:00:00,16,15,1,87373.87,Smartwatch,Electronics
CAM005,Spring Refresh,CR012,Kavya Iyer,Fashion,2026-04-17,Fitness,5745,221,16,20,257,REF01112,Google,2026-04-17 12:00:00,87,CUST8043,TXN01112,2026-04-21 00:00:00,5,5,0,21034.79,Gaming Headset,Gaming
CAM010,New Collection,CR002,Ananya Sharma,Fashion,2026-04-28,Travel,6044,374,42,21,437,REF01113,Facebook,2026-04-28 18:00:00,172,CUST2753,TXN01113,2026-05-04 00:00:00,8,6,2,19864.0,Protein Powder,Fitness
CAM053,Mega Savings,CR009,Arjun Rao,Finance,2026-06-12,Travel,13102,502,57,64,623,REF01114,Instagram,2026-06-12 01:00:00,335,CUST7865,TXN01114,2026-06-20 00:00:00,15,14,1,29266.86,Protein Powder,Fitness
CAM037,Holiday Offers,CR005,Vihaan Patel,Fitness,2026-04-06,Gaming,10256,432,63,39,534,REF01115,Instagram,2026-04-06 21:00:00,311,CUST8689,TXN01115,2026-04-07 00:00:00,19,16,3,32481.36,Protein Powder,Fitness
CAM035,Holiday Offers,CR007,Kabir Singh,Gaming,2026-04-03,Home,9751,565,72,59,696,REF01116,YouTube,2026-04-03 12:00:00,394,CUST3118,TXN01116,2026-04-06 00:00:00,20,17,3,97641.4,Smartwatch,Electronics
CAM024,New Collection,CR001,Aarav Mehta,Lifestyle,2026-03-14,Beauty,13163,605,43,71,719,REF01117,Direct,2026-03-14 23:00:00,464,CUST5462,TXN01117,2026-03-20 00:00:00,30,28,2,119548.07,Coffee Maker,Home
CAM038,Monsoon Sale,CR004,Isha Verma,Beauty,2026-02-15,Beauty,3805,110,12,11,133,REF01118,Instagram,2026-02-15 12:00:00,67,,,,0,0,0,0.0,Smartwatch,Electronics
CAM045,Weekend Flash,CR007,Kabir Singh,Gaming,2026-03-10,Food,6417,294,41,25,360,REF01119,Instagram,2026-03-10 17:00:00,166,CUST1947,TXN01119,2026-03-16 00:00:00,9,8,1,12314.98,Travel Backpack,Travel
CAM005,Summer Launch,CR002,Ananya Sharma,Fashion,2026-03-31,Travel,4437,163,10,14,187,REF01120,Google,2026-03-31 18:00:00,95,CUST8591,TXN01120,2026-04-07 00:00:00,5,5,0,5409.95,Travel Backpack,Travel
CAM045,Back to College,CR009,Arjun Rao,Finance,2026-03-26,Beauty,9638,322,44,27,393,REF01121,Email,2026-03-26 22:00:00,212,CUST7262,TXN01121,2026-03-27 00:00:00,19,16,3,25280.17,Skincare Kit,Beauty
CAM007,Weekend Flash,CR011,Aditya Deshmukh,Tech,2026-02-24,Beauty,11374,518,50,38,606,REF01122,YouTube,2026-02-24 03:00:00,338,CUST4617,TXN01122,2026-02-27 00:00:00,20,20,0,27247.49,Travel Backpack,Travel
CAM005,Spring Refresh,CR006,Meera Nair,Travel,2026-01-15,Electronics,5188,226,24,22,272,REF01123,Instagram,2026-01-15 06:00:00,147,CUST7654,TXN01123,2026-01-21 00:00:00,5,4,1,12807.99,Travel Backpack,Travel
CAM036,Back to College,CR005,Vihaan Patel,Fitness,2026-01-04,Home,6187,263,27,18,308,REF01124,Direct,2026-01-04 11:00:00,222,CUST8289,TXN01124,2026-01-13 00:00:00,10,8,2,17627.66,Skincare Kit,Beauty
CAM042,Creator Spotlight,CR004,Isha Verma,Beauty,2026-05-14,Fashion,12970,486,43,60,589,REF01125,Instagram,2026-05-14 22:00:00,261,CUST4216,TXN01125,2026-05-22 00:00:00,9,9,0,38410.86,Smartwatch,Electronics
CAM009,New Collection,CR003,Rohan Kapoor,Tech,2026-05-07,Home,11462,407,49,24,480,REF01126,TikTok,2026-05-07 21:00:00,276,CUST2334,TXN01126,2026-05-13 00:00:00,5,3,2,14963.55,Travel Backpack,Travel
CAM009,New Collection,CR004,Isha Verma,Beauty,2026-05-02,Fitness,7880,490,51,24,565,REF01127,Instagram,2026-05-02 21:00:00,271,CUST9954,TXN01127,2026-05-03 00:00:00,13,11,2,60320.98,Coffee Maker,Home
CAM060,Spring Refresh,CR001,Aarav Mehta,Lifestyle,2026-01-31,Food,3032,142,21,18,181,REF01128,Google,2026-01-31 01:00:00,69,CUST4462,TXN01128,2026-02-03 00:00:00,1,1,0,4998.02,Sneakers,Fashion
CAM045,New Collection,CR002,Ananya Sharma,Fashion,2026-02-12,Travel,7454,231,34,27,292,REF01129,YouTube,2026-02-12 09:00:00,251,CUST4928,TXN01129,2026-02-14 00:00:00,12,10,2,25451.34,Travel Backpack,Travel
CAM033,Summer Launch,CR008,Sara Khan,Food,2026-01-15,Fashion,23995,858,131,116,1105,REF01130,Instagram,2026-01-15 04:00:00,722,CUST5237,TXN01130,2026-01-16 00:00:00,36,29,7,146401.36,Coffee Maker,Home
CAM059,Spring Refresh,CR004,Isha Verma,Beauty,2026-06-06,Gaming,3607,103,15,6,124,REF01131,Instagram,2026-06-06 05:00:00,90,CUST6777,TXN01131,2026-06-13 00:00:00,1,1,0,4326.95,Wireless Earbuds,Electronics
CAM038,Weekend Flash,CR006,Meera Nair,Travel,2026-02-15,Food,6720,341,28,41,410,REF01132,Google,2026-02-15 17:00:00,240,CUST8012,TXN01132,2026-02-19 00:00:00,11,10,1,20646.41,Wireless Earbuds,Electronics
CAM027,Back to College,CR003,Rohan Kapoor,Tech,2026-05-19,Electronics,3614,168,25,17,210,REF01133,Direct,2026-05-19 12:00:00,139,CUST7522,TXN01133,2026-05-23 00:00:00,6,4,2,11960.35,Wireless Earbuds,Electronics
CAM059,Spring Refresh,CR002,Ananya Sharma,Fashion,2026-02-14,Fitness,10469,445,35,24,504,REF01134,Instagram,2026-02-14 13:00:00,240,CUST8352,TXN01134,2026-02-16 00:00:00,15,13,2,73678.89,Sneakers,Fashion
CAM014,Mega Savings,CR010,Diya Joshi,Lifestyle,2026-01-11,Food,14135,504,36,57,597,REF01135,Google,2026-01-11 16:00:00,390,CUST9222,TXN01135,2026-01-14 00:00:00,20,17,3,38172.81,Coffee Maker,Home
CAM059,Festive Picks,CR011,Aditya Deshmukh,Tech,2026-03-09,Electronics,4960,180,26,13,219,REF01136,Email,2026-03-09 06:00:00,147,CUST1104,TXN01136,2026-03-10 00:00:00,4,4,0,4840.9,Travel Backpack,Travel
CAM045,Mega Savings,CR012,Kavya Iyer,Fashion,2026-01-18,Food,10243,167,20,13,200,REF01137,Instagram,2026-01-18 18:00:00,194,CUST7728,TXN01137,2026-01-23 00:00:00,5,4,1,9453.62,Skincare Kit,Beauty
CAM035,Weekend Flash,CR005,Vihaan Patel,Fitness,2026-04-07,Electronics,4158,110,7,9,126,REF01138,Email,2026-04-07 08:00:00,145,CUST9091,TXN01138,2026-04-16 00:00:00,8,8,0,39834.41,Coffee Maker,Home
CAM038,Weekend Flash,CR005,Vihaan Patel,Fitness,2026-05-07,Food,5114,294,29,25,348,REF01139,Instagram,2026-05-07 21:00:00,104,CUST7263,TXN01139,2026-05-11 00:00:00,6,6,0,12725.19,Gaming Headset,Gaming
CAM008,Festive Picks,CR010,Diya Joshi,Lifestyle,2026-06-04,Fashion,2500,80,6,4,90,REF01140,Facebook,2026-06-04 04:00:00,65,CUST8387,TXN01140,2026-06-13 00:00:00,2,2,0,8613.23,Sneakers,Fashion
CAM008,Weekend Flash,CR010,Diya Joshi,Lifestyle,2026-02-24,Beauty,13298,623,73,54,750,REF01141,Instagram,2026-02-24 18:00:00,429,CUST7612,TXN01141,2026-02-28 00:00:00,30,27,3,101798.4,Coffee Maker,Home
CAM054,Summer Launch,CR010,Diya Joshi,Lifestyle,2026-02-12,Gaming,7371,361,29,23,413,REF01142,Instagram,2026-02-12 17:00:00,205,CUST9435,TXN01142,2026-02-21 00:00:00,10,8,2,42456.2,Wireless Earbuds,Electronics
CAM010,New Collection,CR002,Ananya Sharma,Fashion,2026-05-30,Travel,9852,461,55,47,563,REF01143,Email,2026-05-30 21:00:00,274,CUST5901,TXN01143,2026-06-04 00:00:00,14,12,2,38906.36,Protein Powder,Fitness
CAM003,Back to College,CR012,Kavya Iyer,Fashion,2026-06-27,Travel,5779,247,29,14,290,REF01144,Instagram,2026-06-27 23:00:00,155,CUST2658,TXN01144,2026-07-01 00:00:00,12,11,1,35813.14,Smartwatch,Electronics
CAM014,Spring Refresh,CR010,Diya Joshi,Lifestyle,2026-05-02,Travel,10120,364,47,23,434,REF01145,TikTok,2026-05-02 02:00:00,186,CUST8700,TXN01145,2026-05-08 00:00:00,6,6,0,12565.22,Sneakers,Fashion
CAM017,New Collection,CR002,Ananya Sharma,Fashion,2026-03-29,Fitness,7118,256,18,20,294,REF01146,YouTube,2026-03-29 05:00:00,93,CUST2823,TXN01146,2026-03-31 00:00:00,3,3,0,5386.78,Travel Backpack,Travel
CAM040,Festive Picks,CR005,Vihaan Patel,Fitness,2026-01-21,Electronics,2717,158,19,9,186,REF01147,Facebook,2026-01-21 08:00:00,64,CUST6586,TXN01147,2026-01-25 00:00:00,3,1,2,4745.81,Skincare Kit,Beauty
CAM050,Summer Launch,CR004,Isha Verma,Beauty,2026-03-23,Fitness,7275,162,20,12,194,REF01148,TikTok,2026-03-23 03:00:00,191,CUST8145,TXN01148,2026-03-25 00:00:00,7,6,1,12670.02,Skincare Kit,Beauty
CAM022,Premium Picks,CR012,Kavya Iyer,Fashion,2026-06-01,Gaming,9382,469,55,36,560,REF01149,Email,2026-06-01 16:00:00,289,CUST3317,TXN01149,2026-06-05 00:00:00,13,9,4,28819.22,Wireless Earbuds,Electronics
CAM017,Spring Refresh,CR006,Meera Nair,Travel,2026-04-04,Home,5789,260,31,30,321,REF01150,Direct,2026-04-04 08:00:00,194,CUST7268,TXN01150,2026-04-11 00:00:00,11,11,0,33845.11,Protein Powder,Fitness
CAM022,Weekend Flash,CR002,Ananya Sharma,Fashion,2026-02-21,Fitness,4202,133,20,13,166,REF01151,Facebook,2026-02-21 06:00:00,91,CUST1902,TXN01151,2026-03-02 00:00:00,5,4,1,15107.79,Coffee Maker,Home
CAM042,Premium Picks,CR001,Aarav Mehta,Lifestyle,2026-01-30,Gaming,8863,351,43,25,419,REF01152,Facebook,2026-01-30 15:00:00,237,CUST2583,TXN01152,2026-02-02 00:00:00,9,7,2,28816.33,Gaming Headset,Gaming
CAM042,Mega Savings,CR008,Sara Khan,Food,2026-02-21,Fitness,6091,237,33,18,288,REF01153,Instagram,2026-02-21 08:00:00,167,CUST2338,TXN01153,2026-02-27 00:00:00,9,8,1,45581.98,Gaming Headset,Gaming
CAM010,Back to College,CR011,Aditya Deshmukh,Tech,2026-05-01,Beauty,12460,584,39,77,700,REF01154,Email,2026-05-01 03:00:00,238,CUST1059,TXN01154,2026-05-02 00:00:00,9,9,0,39194.89,Wireless Earbuds,Electronics
CAM019,Holiday Offers,CR009,Arjun Rao,Finance,2026-04-16,Gaming,8957,409,41,25,475,REF01155,Email,2026-04-16 05:00:00,250,CUST8001,TXN01155,2026-04-17 00:00:00,7,5,2,20319.31,Travel Backpack,Travel
CAM020,Mega Savings,CR010,Diya Joshi,Lifestyle,2026-02-24,Fitness,8532,331,30,37,398,REF01156,Google,2026-02-24 02:00:00,139,CUST6649,TXN01156,2026-02-27 00:00:00,4,4,0,19038.14,Gaming Headset,Gaming
CAM019,New Collection,CR003,Rohan Kapoor,Tech,2026-02-01,Food,6892,378,34,43,455,REF01157,Direct,2026-02-01 04:00:00,337,CUST5109,TXN01157,2026-02-08 00:00:00,24,19,5,52147.16,Skincare Kit,Beauty
CAM040,Weekend Flash,CR001,Aarav Mehta,Lifestyle,2026-06-18,Fitness,8907,501,57,36,594,REF01158,Email,2026-06-18 13:00:00,288,CUST6610,TXN01158,2026-06-25 00:00:00,20,18,2,35810.08,Travel Backpack,Travel
CAM038,Summer Launch,CR002,Ananya Sharma,Fashion,2026-03-25,Electronics,4314,144,22,13,179,REF01159,Instagram,2026-03-25 17:00:00,93,CUST9342,TXN01159,2026-04-02 00:00:00,1,1,0,1955.39,Coffee Maker,Home
CAM031,Premium Picks,CR007,Kabir Singh,Gaming,2026-01-26,Beauty,9518,460,47,47,554,REF01160,Instagram,2026-01-26 09:00:00,288,CUST6108,TXN01160,2026-02-02 00:00:00,16,14,2,36429.96,Coffee Maker,Home
CAM027,Back to College,CR003,Rohan Kapoor,Tech,2026-05-18,Fitness,10336,408,54,24,486,REF01161,Instagram,2026-05-18 21:00:00,288,CUST6325,TXN01161,2026-05-20 00:00:00,8,8,0,19700.63,Coffee Maker,Home
CAM060,Summer Launch,CR010,Diya Joshi,Lifestyle,2026-02-06,Travel,5281,159,16,10,185,REF01162,Google,2026-02-06 06:00:00,157,CUST9651,TXN01162,2026-02-15 00:00:00,9,9,0,34059.61,Sneakers,Fashion
CAM010,Monsoon Sale,CR004,Isha Verma,Beauty,2026-01-31,Beauty,5820,198,26,14,238,REF01163,Instagram,2026-01-31 16:00:00,168,CUST6299,TXN01163,2026-02-06 00:00:00,5,5,0,17987.24,Smartwatch,Electronics
CAM005,Back to College,CR012,Kavya Iyer,Fashion,2026-04-04,Travel,7717,361,29,20,410,REF01164,TikTok,2026-04-04 01:00:00,160,CUST8686,TXN01164,2026-04-07 00:00:00,5,5,0,13587.87,Coffee Maker,Home
CAM008,Back to College,CR003,Rohan Kapoor,Tech,2026-03-02,Travel,3842,203,24,17,244,REF01165,Facebook,2026-03-02 09:00:00,138,CUST5491,TXN01165,2026-03-11 00:00:00,10,10,0,24328.35,Sneakers,Fashion
CAM028,New Collection,CR011,Aditya Deshmukh,Tech,2026-03-17,Gaming,5247,225,19,26,270,REF01166,Google,2026-03-17 11:00:00,151,CUST5078,TXN01166,2026-03-20 00:00:00,9,7,2,43261.44,Sneakers,Fashion
CAM029,Weekend Flash,CR010,Diya Joshi,Lifestyle,2026-03-20,Home,10315,145,20,7,172,REF01167,YouTube,2026-03-20 08:00:00,207,CUST2856,TXN01167,2026-03-23 00:00:00,14,14,0,47829.7,Protein Powder,Fitness
CAM032,Back to College,CR001,Aarav Mehta,Lifestyle,2026-03-18,Fashion,3217,204,22,20,246,REF01168,YouTube,2026-03-18 17:00:00,105,CUST1974,TXN01168,2026-03-25 00:00:00,4,3,1,13402.23,Gaming Headset,Gaming
CAM011,Mega Savings,CR011,Aditya Deshmukh,Tech,2026-01-29,Fashion,23367,1122,98,107,1327,REF01169,YouTube,2026-01-29 10:00:00,646,CUST9871,TXN01169,2026-01-30 00:00:00,41,32,9,102513.65,Protein Powder,Fitness
CAM048,Mega Savings,CR004,Isha Verma,Beauty,2026-06-29,Home,3887,192,13,16,221,REF01170,Instagram,2026-06-29 22:00:00,117,CUST6521,TXN01170,2026-07-05 00:00:00,5,3,2,24058.34,Smartwatch,Electronics
CAM018,New Collection,CR005,Vihaan Patel,Fitness,2026-02-26,Gaming,7214,317,27,25,369,REF01171,Google,2026-02-26 06:00:00,164,CUST2277,TXN01171,2026-03-05 00:00:00,15,9,6,61379.94,Wireless Earbuds,Electronics
CAM025,Premium Picks,CR006,Meera Nair,Travel,2026-01-02,Electronics,8858,457,49,39,545,REF01172,YouTube,2026-01-02 04:00:00,330,CUST8420,TXN01172,2026-01-09 00:00:00,11,9,2,51459.53,Sneakers,Fashion
CAM036,New Collection,CR012,Kavya Iyer,Fashion,2026-04-05,Travel,5346,149,12,15,176,REF01173,Instagram,2026-04-05 05:00:00,117,CUST6765,TXN01173,2026-04-06 00:00:00,3,3,0,11610.36,Wireless Earbuds,Electronics
CAM059,Summer Launch,CR006,Meera Nair,Travel,2026-03-25,Beauty,16891,512,70,34,616,REF01174,YouTube,2026-03-25 17:00:00,322,CUST4799,TXN01174,2026-03-27 00:00:00,17,12,5,87302.07,Smartwatch,Electronics
CAM028,Mega Savings,CR004,Isha Verma,Beauty,2026-02-01,Home,3139,143,12,12,167,REF01175,Email,2026-02-01 23:00:00,124,CUST8219,TXN01175,2026-02-03 00:00:00,7,7,0,6562.64,Skincare Kit,Beauty
CAM050,New Collection,CR008,Sara Khan,Food,2026-01-08,Home,8210,394,25,46,465,REF01176,Instagram,2026-01-08 06:00:00,203,CUST6853,TXN01176,2026-01-14 00:00:00,17,16,1,35776.04,Gaming Headset,Gaming
CAM024,Festive Picks,CR010,Diya Joshi,Lifestyle,2026-06-17,Gaming,7505,291,40,35,366,REF01177,Email,2026-06-17 13:00:00,247,CUST7763,TXN01177,2026-06-19 00:00:00,16,10,6,48583.34,Protein Powder,Fitness
CAM047,Product Launch,CR007,Kabir Singh,Gaming,2026-06-10,Food,6384,284,42,25,351,REF01178,Facebook,2026-06-10 17:00:00,130,CUST1140,TXN01178,2026-06-11 00:00:00,9,9,0,47074.53,Gaming Headset,Gaming
CAM021,Summer Launch,CR005,Vihaan Patel,Fitness,2026-04-24,Food,9479,329,52,39,420,REF01179,Google,2026-04-24 15:00:00,285,CUST7715,TXN01179,2026-05-02 00:00:00,22,21,1,43926.69,Protein Powder,Fitness
CAM035,Spring Refresh,CR002,Ananya Sharma,Fashion,2026-06-21,Beauty,15137,579,81,37,697,REF01180,Instagram,2026-06-21 07:00:00,513,CUST5741,TXN01180,2026-06-26 00:00:00,33,26,7,137119.72,Wireless Earbuds,Electronics
CAM014,Creator Spotlight,CR003,Rohan Kapoor,Tech,2026-01-08,Fashion,14646,673,77,75,825,REF01181,Google,2026-01-08 19:00:00,467,CUST3167,TXN01181,2026-01-17 00:00:00,29,25,4,60873.52,Gaming Headset,Gaming
CAM022,Creator Spotlight,CR002,Ananya Sharma,Fashion,2026-06-16,Travel,2944,118,12,8,138,REF01182,YouTube,2026-06-16 02:00:00,48,CUST2016,TXN01182,2026-06-18 00:00:00,3,3,0,8454.76,Travel Backpack,Travel
CAM012,Creator Spotlight,CR007,Kabir Singh,Gaming,2026-04-10,Fashion,4859,195,24,21,240,REF01183,Google,2026-04-10 21:00:00,106,CUST4567,TXN01183,2026-04-19 00:00:00,8,5,3,10553.72,Travel Backpack,Travel
CAM026,New Collection,CR009,Arjun Rao,Finance,2026-03-07,Fitness,3270,162,22,14,198,REF01184,Instagram,2026-03-07 05:00:00,80,CUST4196,TXN01184,2026-03-10 00:00:00,7,5,2,25704.11,Wireless Earbuds,Electronics
CAM044,Festive Picks,CR010,Diya Joshi,Lifestyle,2026-01-03,Electronics,5735,179,23,21,223,REF01185,Instagram,2026-01-03 19:00:00,74,CUST8473,TXN01185,2026-01-06 00:00:00,1,1,0,708.12,Skincare Kit,Beauty
CAM026,Premium Picks,CR011,Aditya Deshmukh,Tech,2026-04-11,Fitness,6790,224,20,28,272,REF01186,YouTube,2026-04-11 02:00:00,124,CUST6240,TXN01186,2026-04-13 00:00:00,8,8,0,27737.12,Protein Powder,Fitness
CAM010,Creator Spotlight,CR005,Vihaan Patel,Fitness,2026-06-06,Gaming,8154,288,31,25,344,REF01187,Facebook,2026-06-06 08:00:00,237,CUST6905,TXN01187,2026-06-13 00:00:00,9,8,1,23194.91,Smartwatch,Electronics
CAM015,Weekend Flash,CR012,Kavya Iyer,Fashion,2026-02-03,Gaming,3861,65,4,8,77,REF01188,Google,2026-02-03 02:00:00,118,CUST4583,TXN01188,2026-02-04 00:00:00,7,3,4,38201.55,Smartwatch,Electronics
CAM034,Spring Refresh,CR005,Vihaan Patel,Fitness,2026-02-11,Gaming,3624,188,11,13,212,REF01189,Instagram,2026-02-11 14:00:00,113,CUST5200,TXN01189,2026-02-18 00:00:00,5,3,2,5169.0,Travel Backpack,Travel
CAM016,Creator Spotlight,CR006,Meera Nair,Travel,2026-05-15,Beauty,6707,237,22,12,271,REF01190,Google,2026-05-15 17:00:00,202,CUST8279,TXN01190,2026-05-17 00:00:00,11,10,1,30002.26,Wireless Earbuds,Electronics
CAM044,Creator Spotlight,CR007,Kabir Singh,Gaming,2026-06-16,Fashion,7927,337,22,40,399,REF01191,Facebook,2026-06-16 05:00:00,274,CUST1313,TXN01191,2026-06-25 00:00:00,23,20,3,68471.0,Gaming Headset,Gaming
CAM028,Spring Refresh,CR005,Vihaan Patel,Fitness,2026-03-25,Electronics,7285,319,46,18,383,REF01192,Instagram,2026-03-25 22:00:00,182,CUST8010,TXN01192,2026-03-28 00:00:00,5,4,1,12984.93,Protein Powder,Fitness
CAM040,Festive Picks,CR012,Kavya Iyer,Fashion,2026-03-15,Electronics,7299,381,27,31,439,REF01193,Instagram,2026-03-15 10:00:00,218,CUST6162,TXN01193,2026-03-24 00:00:00,10,9,1,56849.56,Smartwatch,Electronics
CAM011,Back to College,CR010,Diya Joshi,Lifestyle,2026-04-03,Electronics,7559,223,20,14,257,REF01194,Email,2026-04-03 12:00:00,193,CUST5599,TXN01194,2026-04-06 00:00:00,15,14,1,46603.41,Smartwatch,Electronics
CAM059,Festive Picks,CR001,Aarav Mehta,Lifestyle,2026-02-19,Fitness,3700,176,26,11,213,REF01195,TikTok,2026-02-19 08:00:00,115,CUST8416,TXN01195,2026-02-28 00:00:00,5,3,2,26831.45,Gaming Headset,Gaming
CAM030,Product Launch,CR003,Rohan Kapoor,Tech,2026-01-02,Electronics,5921,373,42,37,452,REF01196,Email,2026-01-02 22:00:00,277,CUST4803,TXN01196,2026-01-05 00:00:00,12,7,5,26409.05,Coffee Maker,Home
CAM014,Monsoon Sale,CR008,Sara Khan,Food,2026-01-19,Fitness,7646,103,14,12,129,REF01197,TikTok,2026-01-19 04:00:00,190,CUST3438,TXN01197,2026-01-21 00:00:00,6,5,1,24834.22,Coffee Maker,Home
CAM037,New Collection,CR005,Vihaan Patel,Fitness,2026-01-07,Gaming,8124,352,41,36,429,REF01198,Email,2026-01-07 11:00:00,267,CUST1430,TXN01198,2026-01-09 00:00:00,20,15,5,33658.35,Skincare Kit,Beauty
CAM057,Premium Picks,CR006,Meera Nair,Travel,2026-06-24,Travel,11548,466,38,56,560,REF01199,Facebook,2026-06-24 17:00:00,338,CUST2407,TXN01199,2026-07-02 00:00:00,9,9,0,17320.03,Skincare Kit,Beauty
CAM054,Mega Savings,CR007,Kabir Singh,Gaming,2026-03-01,Home,5864,285,23,29,337,REF01200,Email,2026-03-01 11:00:00,141,CUST3617,TXN01200,2026-03-09 00:00:00,5,5,0,7890.12,Travel Backpack,Travel
